Regional_Grouping,Region,Region_Code,M49Region_Code,Country,ISO3Code,M49_Code
SDGRC,ECA_AMU,SDGRC_ECA_AMU,98111,Algeria,DZA,12
SDGRC,ECA_AMU,SDGRC_ECA_AMU,98111,Libya,LBY,434
SDGRC,ECA_AMU,SDGRC_ECA_AMU,98111,Mauritania,MRT,478
SDGRC,ECA_AMU,SDGRC_ECA_AMU,98111,Morocco,MAR,504
SDGRC,ECA_AMU,SDGRC_ECA_AMU,98111,Tunisia,TUN,788
SDGRC,ECA_African Union Commission,SDGRC_AUC,98106,Algeria,DZA,12
SDGRC,ECA_African Union Commission,SDGRC_AUC,98106,Angola,AGO,24
SDGRC,ECA_African Union Commission,SDGRC_AUC,98106,Benin,BEN,204
SDGRC,ECA_African Union Commission,SDGRC_AUC,98106,Botswana,BWA,72
SDGRC,ECA_African Union Commission,SDGRC_AUC,98106,Burkina Faso,BFA,854
SDGRC,ECA_African Union Commission,SDGRC_AUC,98106,Burundi,BDI,108
SDGRC,ECA_African Union Commission,SDGRC_AUC,98106,Cabo Verde,CPV,132
SDGRC,ECA_African Union Commission,SDGRC_AUC,98106,Cameroon,CMR,120
SDGRC,ECA_African Union Commission,SDGRC_AUC,98106,Central African Republic,CAF,140
SDGRC,ECA_African Union Commission,SDGRC_AUC,98106,Chad,TCD,148
SDGRC,ECA_African Union Commission,SDGRC_AUC,98106,Comoros,COM,174
SDGRC,ECA_African Union Commission,SDGRC_AUC,98106,Congo,COG,178
SDGRC,ECA_African Union Commission,SDGRC_AUC,98106,Côte d'Ivoire,CIV,384
SDGRC,ECA_African Union Commission,SDGRC_AUC,98106,Democratic Republic of the Congo,COD,180
SDGRC,ECA_African Union Commission,SDGRC_AUC,98106,Djibouti,DJI,262
SDGRC,ECA_African Union Commission,SDGRC_AUC,98106,Egypt,EGY,818
SDGRC,ECA_African Union Commission,SDGRC_AUC,98106,Equatorial Guinea,GNQ,226
SDGRC,ECA_African Union Commission,SDGRC_AUC,98106,Eritrea,ERI,232
SDGRC,ECA_African Union Commission,SDGRC_AUC,98106,Eswatini,SWZ,748
SDGRC,ECA_African Union Commission,SDGRC_AUC,98106,Ethiopia,ETH,231
SDGRC,ECA_African Union Commission,SDGRC_AUC,98106,Gabon,GAB,266
SDGRC,ECA_African Union Commission,SDGRC_AUC,98106,Gambia,GMB,270
SDGRC,ECA_African Union Commission,SDGRC_AUC,98106,Ghana,GHA,288
SDGRC,ECA_African Union Commission,SDGRC_AUC,98106,Guinea,GIN,324
SDGRC,ECA_African Union Commission,SDGRC_AUC,98106,Guinea-Bissau,GNB,624
SDGRC,ECA_African Union Commission,SDGRC_AUC,98106,Kenya,KEN,404
SDGRC,ECA_African Union Commission,SDGRC_AUC,98106,Lesotho,LSO,426
SDGRC,ECA_African Union Commission,SDGRC_AUC,98106,Liberia,LBR,430
SDGRC,ECA_African Union Commission,SDGRC_AUC,98106,Libya,LBY,434
SDGRC,ECA_African Union Commission,SDGRC_AUC,98106,Madagascar,MDG,450
SDGRC,ECA_African Union Commission,SDGRC_AUC,98106,Malawi,MWI,454
SDGRC,ECA_African Union Commission,SDGRC_AUC,98106,Mali,MLI,466
SDGRC,ECA_African Union Commission,SDGRC_AUC,98106,Mauritania,MRT,478
SDGRC,ECA_African Union Commission,SDGRC_AUC,98106,Mauritius,MUS,480
SDGRC,ECA_African Union Commission,SDGRC_AUC,98106,Morocco,MAR,504
SDGRC,ECA_African Union Commission,SDGRC_AUC,98106,Mozambique,MOZ,508
SDGRC,ECA_African Union Commission,SDGRC_AUC,98106,Namibia,NAM,516
SDGRC,ECA_African Union Commission,SDGRC_AUC,98106,Niger,NER,562
SDGRC,ECA_African Union Commission,SDGRC_AUC,98106,Nigeria,NGA,566
SDGRC,ECA_African Union Commission,SDGRC_AUC,98106,Rwanda,RWA,646
SDGRC,ECA_African Union Commission,SDGRC_AUC,98106,Sao Tome and Principe,STP,678
SDGRC,ECA_African Union Commission,SDGRC_AUC,98106,Senegal,SEN,686
SDGRC,ECA_African Union Commission,SDGRC_AUC,98106,Seychelles,SYC,690
SDGRC,ECA_African Union Commission,SDGRC_AUC,98106,Sierra Leone,SLE,694
SDGRC,ECA_African Union Commission,SDGRC_AUC,98106,Somalia,SOM,706
SDGRC,ECA_African Union Commission,SDGRC_AUC,98106,South Africa,ZAF,710
SDGRC,ECA_African Union Commission,SDGRC_AUC,98106,South Sudan,SSD,728
SDGRC,ECA_African Union Commission,SDGRC_AUC,98106,Sudan,SDN,729
SDGRC,ECA_African Union Commission,SDGRC_AUC,98106,Togo,TGO,768
SDGRC,ECA_African Union Commission,SDGRC_AUC,98106,Tunisia,TUN,788
SDGRC,ECA_African Union Commission,SDGRC_AUC,98106,Uganda,UGA,800
SDGRC,ECA_African Union Commission,SDGRC_AUC,98106,United Republic of Tanzania,TZA,834
SDGRC,ECA_African Union Commission,SDGRC_AUC,98106,Western Sahara,ESH,
SDGRC,ECA_African Union Commission,SDGRC_AUC,98106,Zambia,ZMB,894
SDGRC,ECA_African Union Commission,SDGRC_AUC,98106,Zimbabwe,ZWE,716
SDGRC,ECA_All countries,SDGRC_ECA_ALL,98100,Algeria,DZA,12
SDGRC,ECA_All countries,SDGRC_ECA_ALL,98100,Angola,AGO,24
SDGRC,ECA_All countries,SDGRC_ECA_ALL,98100,Benin,BEN,204
SDGRC,ECA_All countries,SDGRC_ECA_ALL,98100,Botswana,BWA,72
SDGRC,ECA_All countries,SDGRC_ECA_ALL,98100,Burkina Faso,BFA,854
SDGRC,ECA_All countries,SDGRC_ECA_ALL,98100,Burundi,BDI,108
SDGRC,ECA_All countries,SDGRC_ECA_ALL,98100,Cabo Verde,CPV,132
SDGRC,ECA_All countries,SDGRC_ECA_ALL,98100,Cameroon,CMR,120
SDGRC,ECA_All countries,SDGRC_ECA_ALL,98100,Central African Republic,CAF,140
SDGRC,ECA_All countries,SDGRC_ECA_ALL,98100,Chad,TCD,148
SDGRC,ECA_All countries,SDGRC_ECA_ALL,98100,Comoros,COM,174
SDGRC,ECA_All countries,SDGRC_ECA_ALL,98100,Congo,COG,178
SDGRC,ECA_All countries,SDGRC_ECA_ALL,98100,Côte d'Ivoire,CIV,384
SDGRC,ECA_All countries,SDGRC_ECA_ALL,98100,Democratic Republic of the Congo,COD,180
SDGRC,ECA_All countries,SDGRC_ECA_ALL,98100,Djibouti,DJI,262
SDGRC,ECA_All countries,SDGRC_ECA_ALL,98100,Egypt,EGY,818
SDGRC,ECA_All countries,SDGRC_ECA_ALL,98100,Equatorial Guinea,GNQ,226
SDGRC,ECA_All countries,SDGRC_ECA_ALL,98100,Eritrea,ERI,232
SDGRC,ECA_All countries,SDGRC_ECA_ALL,98100,Eswatini,SWZ,748
SDGRC,ECA_All countries,SDGRC_ECA_ALL,98100,Ethiopia,ETH,231
SDGRC,ECA_All countries,SDGRC_ECA_ALL,98100,Gabon,GAB,266
SDGRC,ECA_All countries,SDGRC_ECA_ALL,98100,Gambia,GMB,270
SDGRC,ECA_All countries,SDGRC_ECA_ALL,98100,Ghana,GHA,288
SDGRC,ECA_All countries,SDGRC_ECA_ALL,98100,Guinea,GIN,324
SDGRC,ECA_All countries,SDGRC_ECA_ALL,98100,Guinea-Bissau,GNB,624
SDGRC,ECA_All countries,SDGRC_ECA_ALL,98100,Kenya,KEN,404
SDGRC,ECA_All countries,SDGRC_ECA_ALL,98100,Lesotho,LSO,426
SDGRC,ECA_All countries,SDGRC_ECA_ALL,98100,Liberia,LBR,430
SDGRC,ECA_All countries,SDGRC_ECA_ALL,98100,Libya,LBY,434
SDGRC,ECA_All countries,SDGRC_ECA_ALL,98100,Madagascar,MDG,450
SDGRC,ECA_All countries,SDGRC_ECA_ALL,98100,Malawi,MWI,454
SDGRC,ECA_All countries,SDGRC_ECA_ALL,98100,Mali,MLI,466
SDGRC,ECA_All countries,SDGRC_ECA_ALL,98100,Mauritania,MRT,478
SDGRC,ECA_All countries,SDGRC_ECA_ALL,98100,Mauritius,MUS,480
SDGRC,ECA_All countries,SDGRC_ECA_ALL,98100,Morocco,MAR,504
SDGRC,ECA_All countries,SDGRC_ECA_ALL,98100,Mozambique,MOZ,508
SDGRC,ECA_All countries,SDGRC_ECA_ALL,98100,Namibia,NAM,516
SDGRC,ECA_All countries,SDGRC_ECA_ALL,98100,Niger,NER,562
SDGRC,ECA_All countries,SDGRC_ECA_ALL,98100,Nigeria,NGA,566
SDGRC,ECA_All countries,SDGRC_ECA_ALL,98100,Rwanda,RWA,646
SDGRC,ECA_All countries,SDGRC_ECA_ALL,98100,Sao Tome and Principe,STP,678
SDGRC,ECA_All countries,SDGRC_ECA_ALL,98100,Senegal,SEN,686
SDGRC,ECA_All countries,SDGRC_ECA_ALL,98100,Seychelles,SYC,690
SDGRC,ECA_All countries,SDGRC_ECA_ALL,98100,Sierra Leone,SLE,694
SDGRC,ECA_All countries,SDGRC_ECA_ALL,98100,Somalia,SOM,706
SDGRC,ECA_All countries,SDGRC_ECA_ALL,98100,South Africa,ZAF,710
SDGRC,ECA_All countries,SDGRC_ECA_ALL,98100,South Sudan,SSD,728
SDGRC,ECA_All countries,SDGRC_ECA_ALL,98100,Sudan,SDN,729
SDGRC,ECA_All countries,SDGRC_ECA_ALL,98100,Togo,TGO,768
SDGRC,ECA_All countries,SDGRC_ECA_ALL,98100,Tunisia,TUN,788
SDGRC,ECA_All countries,SDGRC_ECA_ALL,98100,Uganda,UGA,800
SDGRC,ECA_All countries,SDGRC_ECA_ALL,98100,United Republic of Tanzania,TZA,834
SDGRC,ECA_All countries,SDGRC_ECA_ALL,98100,Zambia,ZMB,894
SDGRC,ECA_All countries,SDGRC_ECA_ALL,98100,Zimbabwe,ZWE,716
SDGRC,ECA_CEN-SAD,SDGRC_ECA_CEN_SAD,98112,Benin,BEN,204
SDGRC,ECA_CEN-SAD,SDGRC_ECA_CEN_SAD,98112,Burkina Faso,BFA,854
SDGRC,ECA_CEN-SAD,SDGRC_ECA_CEN_SAD,98112,Central African Republic,CAF,140
SDGRC,ECA_CEN-SAD,SDGRC_ECA_CEN_SAD,98112,Chad,TCD,148
SDGRC,ECA_CEN-SAD,SDGRC_ECA_CEN_SAD,98112,Comoros,COM,174
SDGRC,ECA_CEN-SAD,SDGRC_ECA_CEN_SAD,98112,Côte d'Ivoire,CIV,384
SDGRC,ECA_CEN-SAD,SDGRC_ECA_CEN_SAD,98112,Djibouti,DJI,262
SDGRC,ECA_CEN-SAD,SDGRC_ECA_CEN_SAD,98112,Egypt,EGY,818
SDGRC,ECA_CEN-SAD,SDGRC_ECA_CEN_SAD,98112,Eritrea,ERI,232
SDGRC,ECA_CEN-SAD,SDGRC_ECA_CEN_SAD,98112,Gambia,GMB,270
SDGRC,ECA_CEN-SAD,SDGRC_ECA_CEN_SAD,98112,Ghana,GHA,288
SDGRC,ECA_CEN-SAD,SDGRC_ECA_CEN_SAD,98112,Guinea-Bissau,GNB,624
SDGRC,ECA_CEN-SAD,SDGRC_ECA_CEN_SAD,98112,Libya,LBY,434
SDGRC,ECA_CEN-SAD,SDGRC_ECA_CEN_SAD,98112,Mali,MLI,466
SDGRC,ECA_CEN-SAD,SDGRC_ECA_CEN_SAD,98112,Mauritania,MRT,478
SDGRC,ECA_CEN-SAD,SDGRC_ECA_CEN_SAD,98112,Morocco,MAR,504
SDGRC,ECA_CEN-SAD,SDGRC_ECA_CEN_SAD,98112,Niger,NER,562
SDGRC,ECA_CEN-SAD,SDGRC_ECA_CEN_SAD,98112,Nigeria,NGA,566
SDGRC,ECA_CEN-SAD,SDGRC_ECA_CEN_SAD,98112,Senegal,SEN,686
SDGRC,ECA_CEN-SAD,SDGRC_ECA_CEN_SAD,98112,Sierra Leone,SLE,694
SDGRC,ECA_CEN-SAD,SDGRC_ECA_CEN_SAD,98112,Somalia,SOM,706
SDGRC,ECA_CEN-SAD,SDGRC_ECA_CEN_SAD,98112,Sudan,SDN,729
SDGRC,ECA_CEN-SAD,SDGRC_ECA_CEN_SAD,98112,Togo,TGO,768
SDGRC,ECA_CEN-SAD,SDGRC_ECA_CEN_SAD,98112,Tunisia,TUN,788
SDGRC,ECA_COMESA,SDGRC_ECA_COMESA,98113,Burundi,BDI,108
SDGRC,ECA_COMESA,SDGRC_ECA_COMESA,98113,Comoros,COM,174
SDGRC,ECA_COMESA,SDGRC_ECA_COMESA,98113,Democratic Republic of the Congo,COD,180
SDGRC,ECA_COMESA,SDGRC_ECA_COMESA,98113,Djibouti,DJI,262
SDGRC,ECA_COMESA,SDGRC_ECA_COMESA,98113,Egypt,EGY,818
SDGRC,ECA_COMESA,SDGRC_ECA_COMESA,98113,Eritrea,ERI,232
SDGRC,ECA_COMESA,SDGRC_ECA_COMESA,98113,Eswatini,SWZ,748
SDGRC,ECA_COMESA,SDGRC_ECA_COMESA,98113,Ethiopia,ETH,231
SDGRC,ECA_COMESA,SDGRC_ECA_COMESA,98113,Kenya,KEN,404
SDGRC,ECA_COMESA,SDGRC_ECA_COMESA,98113,Libya,LBY,434
SDGRC,ECA_COMESA,SDGRC_ECA_COMESA,98113,Madagascar,MDG,450
SDGRC,ECA_COMESA,SDGRC_ECA_COMESA,98113,Malawi,MWI,454
SDGRC,ECA_COMESA,SDGRC_ECA_COMESA,98113,Mauritius,MUS,480
SDGRC,ECA_COMESA,SDGRC_ECA_COMESA,98113,Rwanda,RWA,646
SDGRC,ECA_COMESA,SDGRC_ECA_COMESA,98113,Seychelles,SYC,690
SDGRC,ECA_COMESA,SDGRC_ECA_COMESA,98113,Somalia,SOM,706
SDGRC,ECA_COMESA,SDGRC_ECA_COMESA,98113,Sudan,SDN,729
SDGRC,ECA_COMESA,SDGRC_ECA_COMESA,98113,Tunisia,TUN,788
SDGRC,ECA_COMESA,SDGRC_ECA_COMESA,98113,Uganda,UGA,800
SDGRC,ECA_COMESA,SDGRC_ECA_COMESA,98113,Zambia,ZMB,894
SDGRC,ECA_COMESA,SDGRC_ECA_COMESA,98113,Zimbabwe,ZWE,716
SDGRC,ECA_Central Africa,SDGRC_ECA_CA,98101,Cameroon,CMR,120
SDGRC,ECA_Central Africa,SDGRC_ECA_CA,98101,Central African Republic,CAF,140
SDGRC,ECA_Central Africa,SDGRC_ECA_CA,98101,Chad,TCD,148
SDGRC,ECA_Central Africa,SDGRC_ECA_CA,98101,Congo,COG,178
SDGRC,ECA_Central Africa,SDGRC_ECA_CA,98101,Equatorial Guinea,GNQ,226
SDGRC,ECA_Central Africa,SDGRC_ECA_CA,98101,Gabon,GAB,266
SDGRC,ECA_Central Africa,SDGRC_ECA_CA,98101,Sao Tome and Principe,STP,678
SDGRC,ECA_EAC,SDGRC_ECA_EAC,98114,Burundi,BDI,108
SDGRC,ECA_EAC,SDGRC_ECA_EAC,98114,Democratic Republic of the Congo,COD,180
SDGRC,ECA_EAC,SDGRC_ECA_EAC,98114,Kenya,KEN,404
SDGRC,ECA_EAC,SDGRC_ECA_EAC,98114,Rwanda,RWA,646
SDGRC,ECA_EAC,SDGRC_ECA_EAC,98114,South Sudan,SSD,728
SDGRC,ECA_EAC,SDGRC_ECA_EAC,98114,Uganda,UGA,800
SDGRC,ECA_EAC,SDGRC_ECA_EAC,98114,United Republic of Tanzania,TZA,834
SDGRC,ECA_ECCAS,SDGRC_ECA_ECCAS,98107,Angola,AGO,24
SDGRC,ECA_ECCAS,SDGRC_ECA_ECCAS,98107,Burundi,BDI,108
SDGRC,ECA_ECCAS,SDGRC_ECA_ECCAS,98107,Cameroon,CMR,120
SDGRC,ECA_ECCAS,SDGRC_ECA_ECCAS,98107,Central African Republic,CAF,140
SDGRC,ECA_ECCAS,SDGRC_ECA_ECCAS,98107,Chad,TCD,148
SDGRC,ECA_ECCAS,SDGRC_ECA_ECCAS,98107,Congo,COG,178
SDGRC,ECA_ECCAS,SDGRC_ECA_ECCAS,98107,Democratic Republic of the Congo,COD,180
SDGRC,ECA_ECCAS,SDGRC_ECA_ECCAS,98107,Equatorial Guinea,GNQ,226
SDGRC,ECA_ECCAS,SDGRC_ECA_ECCAS,98107,Gabon,GAB,266
SDGRC,ECA_ECCAS,SDGRC_ECA_ECCAS,98107,Rwanda,RWA,646
SDGRC,ECA_ECCAS,SDGRC_ECA_ECCAS,98107,Sao Tome and Principe,STP,678
SDGRC,ECA_ECOWAS,SDGRC_ECA_ECOWAS,98108,Benin,BEN,204
SDGRC,ECA_ECOWAS,SDGRC_ECA_ECOWAS,98108,Cabo Verde,CPV,132
SDGRC,ECA_ECOWAS,SDGRC_ECA_ECOWAS,98108,Côte d'Ivoire,CIV,384
SDGRC,ECA_ECOWAS,SDGRC_ECA_ECOWAS,98108,Gambia,GMB,270
SDGRC,ECA_ECOWAS,SDGRC_ECA_ECOWAS,98108,Ghana,GHA,288
SDGRC,ECA_ECOWAS,SDGRC_ECA_ECOWAS,98108,Guinea,GIN,324
SDGRC,ECA_ECOWAS,SDGRC_ECA_ECOWAS,98108,Guinea-Bissau,GNB,624
SDGRC,ECA_ECOWAS,SDGRC_ECA_ECOWAS,98108,Liberia,LBR,430
SDGRC,ECA_ECOWAS,SDGRC_ECA_ECOWAS,98108,Nigeria,NGA,566
SDGRC,ECA_ECOWAS,SDGRC_ECA_ECOWAS,98108,Senegal,SEN,686
SDGRC,ECA_ECOWAS,SDGRC_ECA_ECOWAS,98108,Sierra Leone,SLE,694
SDGRC,ECA_ECOWAS,SDGRC_ECA_ECOWAS,98108,Togo,TGO,768
SDGRC,ECA_Eastern Africa,SDGRC_ECA_EA,98102,Burundi,BDI,108
SDGRC,ECA_Eastern Africa,SDGRC_ECA_EA,98102,Comoros,COM,174
SDGRC,ECA_Eastern Africa,SDGRC_ECA_EA,98102,Democratic Republic of the Congo,COD,180
SDGRC,ECA_Eastern Africa,SDGRC_ECA_EA,98102,Djibouti,DJI,262
SDGRC,ECA_Eastern Africa,SDGRC_ECA_EA,98102,Eritrea,ERI,232
SDGRC,ECA_Eastern Africa,SDGRC_ECA_EA,98102,Ethiopia,ETH,231
SDGRC,ECA_Eastern Africa,SDGRC_ECA_EA,98102,Kenya,KEN,404
SDGRC,ECA_Eastern Africa,SDGRC_ECA_EA,98102,Madagascar,MDG,450
SDGRC,ECA_Eastern Africa,SDGRC_ECA_EA,98102,Rwanda,RWA,646
SDGRC,ECA_Eastern Africa,SDGRC_ECA_EA,98102,Seychelles,SYC,690
SDGRC,ECA_Eastern Africa,SDGRC_ECA_EA,98102,Somalia,SOM,706
SDGRC,ECA_Eastern Africa,SDGRC_ECA_EA,98102,South Sudan,SSD,728
SDGRC,ECA_Eastern Africa,SDGRC_ECA_EA,98102,Uganda,UGA,800
SDGRC,ECA_Eastern Africa,SDGRC_ECA_EA,98102,United Republic of Tanzania,TZA,834
SDGRC,ECA_IGAD,SDGRC_ECA_IGAD,98109,Djibouti,DJI,262
SDGRC,ECA_IGAD,SDGRC_ECA_IGAD,98109,Eritrea,ERI,232
SDGRC,ECA_IGAD,SDGRC_ECA_IGAD,98109,Ethiopia,ETH,231
SDGRC,ECA_IGAD,SDGRC_ECA_IGAD,98109,Kenya,KEN,404
SDGRC,ECA_IGAD,SDGRC_ECA_IGAD,98109,Somalia,SOM,706
SDGRC,ECA_IGAD,SDGRC_ECA_IGAD,98109,South Sudan,SSD,728
SDGRC,ECA_IGAD,SDGRC_ECA_IGAD,98109,Sudan,SDN,729
SDGRC,ECA_IGAD,SDGRC_ECA_IGAD,98109,Uganda,UGA,800
SDGRC,ECA_Island economies,SDGRC_ECA_IE,98115,Cabo Verde,CPV,132
SDGRC,ECA_Island economies,SDGRC_ECA_IE,98115,Comoros,COM,174
SDGRC,ECA_Island economies,SDGRC_ECA_IE,98115,Madagascar,MDG,450
SDGRC,ECA_Island economies,SDGRC_ECA_IE,98115,Mauritius,MUS,480
SDGRC,ECA_Island economies,SDGRC_ECA_IE,98115,Sao Tome and Principe,STP,678
SDGRC,ECA_Island economies,SDGRC_ECA_IE,98115,Seychelles,SYC,690
SDGRC,ECA_Land-locked LDCs,SDGRC_ECA_LL_LDC,98117,Burkina Faso,BFA,854
SDGRC,ECA_Land-locked LDCs,SDGRC_ECA_LL_LDC,98117,Burundi,BDI,108
SDGRC,ECA_Land-locked LDCs,SDGRC_ECA_LL_LDC,98117,Central African Republic,CAF,140
SDGRC,ECA_Land-locked LDCs,SDGRC_ECA_LL_LDC,98117,Chad,TCD,148
SDGRC,ECA_Land-locked LDCs,SDGRC_ECA_LL_LDC,98117,Ethiopia,ETH,231
SDGRC,ECA_Land-locked LDCs,SDGRC_ECA_LL_LDC,98117,Lesotho,LSO,426
SDGRC,ECA_Land-locked LDCs,SDGRC_ECA_LL_LDC,98117,Malawi,MWI,454
SDGRC,ECA_Land-locked LDCs,SDGRC_ECA_LL_LDC,98117,Mali,MLI,466
SDGRC,ECA_Land-locked LDCs,SDGRC_ECA_LL_LDC,98117,Niger,NER,562
SDGRC,ECA_Land-locked LDCs,SDGRC_ECA_LL_LDC,98117,Rwanda,RWA,646
SDGRC,ECA_Land-locked LDCs,SDGRC_ECA_LL_LDC,98117,South Sudan,SSD,728
SDGRC,ECA_Land-locked LDCs,SDGRC_ECA_LL_LDC,98117,Uganda,UGA,800
SDGRC,ECA_Land-locked LDCs,SDGRC_ECA_LL_LDC,98117,Zambia,ZMB,894
SDGRC,ECA_Land-locked countries,SDGRC_ECA_LLC,98116,Botswana,BWA,72
SDGRC,ECA_Land-locked countries,SDGRC_ECA_LLC,98116,Burkina Faso,BFA,854
SDGRC,ECA_Land-locked countries,SDGRC_ECA_LLC,98116,Burundi,BDI,108
SDGRC,ECA_Land-locked countries,SDGRC_ECA_LLC,98116,Central African Republic,CAF,140
SDGRC,ECA_Land-locked countries,SDGRC_ECA_LLC,98116,Chad,TCD,148
SDGRC,ECA_Land-locked countries,SDGRC_ECA_LLC,98116,Eswatini,SWZ,748
SDGRC,ECA_Land-locked countries,SDGRC_ECA_LLC,98116,Ethiopia,ETH,231
SDGRC,ECA_Land-locked countries,SDGRC_ECA_LLC,98116,Lesotho,LSO,426
SDGRC,ECA_Land-locked countries,SDGRC_ECA_LLC,98116,Malawi,MWI,454
SDGRC,ECA_Land-locked countries,SDGRC_ECA_LLC,98116,Mali,MLI,466
SDGRC,ECA_Land-locked countries,SDGRC_ECA_LLC,98116,Niger,NER,562
SDGRC,ECA_Land-locked countries,SDGRC_ECA_LLC,98116,Rwanda,RWA,646
SDGRC,ECA_Land-locked countries,SDGRC_ECA_LLC,98116,South Sudan,SSD,728
SDGRC,ECA_Land-locked countries,SDGRC_ECA_LLC,98116,Uganda,UGA,800
SDGRC,ECA_Land-locked countries,SDGRC_ECA_LLC,98116,Zambia,ZMB,894
SDGRC,ECA_Land-locked countries,SDGRC_ECA_LLC,98116,Zimbabwe,ZWE,716
SDGRC,ECA_Least developed countries,SDGRC_ECA_LDC,98118,Angola,AGO,24
SDGRC,ECA_Least developed countries,SDGRC_ECA_LDC,98118,Benin,BEN,204
SDGRC,ECA_Least developed countries,SDGRC_ECA_LDC,98118,Burkina Faso,BFA,854
SDGRC,ECA_Least developed countries,SDGRC_ECA_LDC,98118,Burundi,BDI,108
SDGRC,ECA_Least developed countries,SDGRC_ECA_LDC,98118,Central African Republic,CAF,140
SDGRC,ECA_Least developed countries,SDGRC_ECA_LDC,98118,Chad,TCD,148
SDGRC,ECA_Least developed countries,SDGRC_ECA_LDC,98118,Comoros,COM,174
SDGRC,ECA_Least developed countries,SDGRC_ECA_LDC,98118,Democratic Republic of the Congo,COD,180
SDGRC,ECA_Least developed countries,SDGRC_ECA_LDC,98118,Djibouti,DJI,262
SDGRC,ECA_Least developed countries,SDGRC_ECA_LDC,98118,Eritrea,ERI,232
SDGRC,ECA_Least developed countries,SDGRC_ECA_LDC,98118,Ethiopia,ETH,231
SDGRC,ECA_Least developed countries,SDGRC_ECA_LDC,98118,Gambia,GMB,270
SDGRC,ECA_Least developed countries,SDGRC_ECA_LDC,98118,Guinea,GIN,324
SDGRC,ECA_Least developed countries,SDGRC_ECA_LDC,98118,Guinea-Bissau,GNB,624
SDGRC,ECA_Least developed countries,SDGRC_ECA_LDC,98118,Lesotho,LSO,426
SDGRC,ECA_Least developed countries,SDGRC_ECA_LDC,98118,Liberia,LBR,430
SDGRC,ECA_Least developed countries,SDGRC_ECA_LDC,98118,Madagascar,MDG,450
SDGRC,ECA_Least developed countries,SDGRC_ECA_LDC,98118,Malawi,MWI,454
SDGRC,ECA_Least developed countries,SDGRC_ECA_LDC,98118,Mali,MLI,466
SDGRC,ECA_Least developed countries,SDGRC_ECA_LDC,98118,Mauritania,MRT,478
SDGRC,ECA_Least developed countries,SDGRC_ECA_LDC,98118,Mozambique,MOZ,508
SDGRC,ECA_Least developed countries,SDGRC_ECA_LDC,98118,Niger,NER,562
SDGRC,ECA_Least developed countries,SDGRC_ECA_LDC,98118,Rwanda,RWA,646
SDGRC,ECA_Least developed countries,SDGRC_ECA_LDC,98118,Senegal,SEN,686
SDGRC,ECA_Least developed countries,SDGRC_ECA_LDC,98118,Sierra Leone,SLE,694
SDGRC,ECA_Least developed countries,SDGRC_ECA_LDC,98118,Somalia,SOM,706
SDGRC,ECA_Least developed countries,SDGRC_ECA_LDC,98118,South Sudan,SSD,728
SDGRC,ECA_Least developed countries,SDGRC_ECA_LDC,98118,Sudan,SDN,729
SDGRC,ECA_Least developed countries,SDGRC_ECA_LDC,98118,Togo,TGO,768
SDGRC,ECA_Least developed countries,SDGRC_ECA_LDC,98118,Uganda,UGA,800
SDGRC,ECA_Least developed countries,SDGRC_ECA_LDC,98118,United Republic of Tanzania,TZA,834
SDGRC,ECA_Least developed countries,SDGRC_ECA_LDC,98118,Zambia,ZMB,894
SDGRC,ECA_Mineral-rich countries,SDGRC_ECA_MRC,98119,Algeria,DZA,12
SDGRC,ECA_Mineral-rich countries,SDGRC_ECA_MRC,98119,Benin,BEN,204
SDGRC,ECA_Mineral-rich countries,SDGRC_ECA_MRC,98119,Botswana,BWA,72
SDGRC,ECA_Mineral-rich countries,SDGRC_ECA_MRC,98119,Burkina Faso,BFA,854
SDGRC,ECA_Mineral-rich countries,SDGRC_ECA_MRC,98119,Central African Republic,CAF,140
SDGRC,ECA_Mineral-rich countries,SDGRC_ECA_MRC,98119,Democratic Republic of the Congo,COD,180
SDGRC,ECA_Mineral-rich countries,SDGRC_ECA_MRC,98119,Djibouti,DJI,262
SDGRC,ECA_Mineral-rich countries,SDGRC_ECA_MRC,98119,Equatorial Guinea,GNQ,226
SDGRC,ECA_Mineral-rich countries,SDGRC_ECA_MRC,98119,Ghana,GHA,288
SDGRC,ECA_Mineral-rich countries,SDGRC_ECA_MRC,98119,Guinea,GIN,324
SDGRC,ECA_Mineral-rich countries,SDGRC_ECA_MRC,98119,Lesotho,LSO,426
SDGRC,ECA_Mineral-rich countries,SDGRC_ECA_MRC,98119,Liberia,LBR,430
SDGRC,ECA_Mineral-rich countries,SDGRC_ECA_MRC,98119,Madagascar,MDG,450
SDGRC,ECA_Mineral-rich countries,SDGRC_ECA_MRC,98119,Mali,MLI,466
SDGRC,ECA_Mineral-rich countries,SDGRC_ECA_MRC,98119,Mauritania,MRT,478
SDGRC,ECA_Mineral-rich countries,SDGRC_ECA_MRC,98119,Mozambique,MOZ,508
SDGRC,ECA_Mineral-rich countries,SDGRC_ECA_MRC,98119,Namibia,NAM,516
SDGRC,ECA_Mineral-rich countries,SDGRC_ECA_MRC,98119,Niger,NER,562
SDGRC,ECA_Mineral-rich countries,SDGRC_ECA_MRC,98119,Rwanda,RWA,646
SDGRC,ECA_Mineral-rich countries,SDGRC_ECA_MRC,98119,Sierra Leone,SLE,694
SDGRC,ECA_Mineral-rich countries,SDGRC_ECA_MRC,98119,South Africa,ZAF,710
SDGRC,ECA_Mineral-rich countries,SDGRC_ECA_MRC,98119,Sudan,SDN,729
SDGRC,ECA_Mineral-rich countries,SDGRC_ECA_MRC,98119,Togo,TGO,768
SDGRC,ECA_Mineral-rich countries,SDGRC_ECA_MRC,98119,United Republic of Tanzania,TZA,834
SDGRC,ECA_Mineral-rich countries,SDGRC_ECA_MRC,98119,Zambia,ZMB,894
SDGRC,ECA_Mineral-rich countries,SDGRC_ECA_MRC,98119,Zimbabwe,ZWE,716
SDGRC,ECA_Non-Oil LDCs,SDGRC_ECA_NO_LDC,98120,Benin,BEN,204
SDGRC,ECA_Non-Oil LDCs,SDGRC_ECA_NO_LDC,98120,Burkina Faso,BFA,854
SDGRC,ECA_Non-Oil LDCs,SDGRC_ECA_NO_LDC,98120,Burundi,BDI,108
SDGRC,ECA_Non-Oil LDCs,SDGRC_ECA_NO_LDC,98120,Central African Republic,CAF,140
SDGRC,ECA_Non-Oil LDCs,SDGRC_ECA_NO_LDC,98120,Comoros,COM,174
SDGRC,ECA_Non-Oil LDCs,SDGRC_ECA_NO_LDC,98120,Djibouti,DJI,262
SDGRC,ECA_Non-Oil LDCs,SDGRC_ECA_NO_LDC,98120,Eritrea,ERI,232
SDGRC,ECA_Non-Oil LDCs,SDGRC_ECA_NO_LDC,98120,Ethiopia,ETH,231
SDGRC,ECA_Non-Oil LDCs,SDGRC_ECA_NO_LDC,98120,Gambia,GMB,270
SDGRC,ECA_Non-Oil LDCs,SDGRC_ECA_NO_LDC,98120,Guinea,GIN,324
SDGRC,ECA_Non-Oil LDCs,SDGRC_ECA_NO_LDC,98120,Guinea-Bissau,GNB,624
SDGRC,ECA_Non-Oil LDCs,SDGRC_ECA_NO_LDC,98120,Lesotho,LSO,426
SDGRC,ECA_Non-Oil LDCs,SDGRC_ECA_NO_LDC,98120,Liberia,LBR,430
SDGRC,ECA_Non-Oil LDCs,SDGRC_ECA_NO_LDC,98120,Madagascar,MDG,450
SDGRC,ECA_Non-Oil LDCs,SDGRC_ECA_NO_LDC,98120,Malawi,MWI,454
SDGRC,ECA_Non-Oil LDCs,SDGRC_ECA_NO_LDC,98120,Mali,MLI,466
SDGRC,ECA_Non-Oil LDCs,SDGRC_ECA_NO_LDC,98120,Mauritania,MRT,478
SDGRC,ECA_Non-Oil LDCs,SDGRC_ECA_NO_LDC,98120,Mozambique,MOZ,508
SDGRC,ECA_Non-Oil LDCs,SDGRC_ECA_NO_LDC,98120,Rwanda,RWA,646
SDGRC,ECA_Non-Oil LDCs,SDGRC_ECA_NO_LDC,98120,Senegal,SEN,686
SDGRC,ECA_Non-Oil LDCs,SDGRC_ECA_NO_LDC,98120,Sierra Leone,SLE,694
SDGRC,ECA_Non-Oil LDCs,SDGRC_ECA_NO_LDC,98120,Somalia,SOM,706
SDGRC,ECA_Non-Oil LDCs,SDGRC_ECA_NO_LDC,98120,Togo,TGO,768
SDGRC,ECA_Non-Oil LDCs,SDGRC_ECA_NO_LDC,98120,Uganda,UGA,800
SDGRC,ECA_Non-Oil LDCs,SDGRC_ECA_NO_LDC,98120,United Republic of Tanzania,TZA,834
SDGRC,ECA_Non-Oil LDCs,SDGRC_ECA_NO_LDC,98120,Zambia,ZMB,894
SDGRC,ECA_Non-Oil Producing,SDGRC_ECA_NOP,98121,Benin,BEN,204
SDGRC,ECA_Non-Oil Producing,SDGRC_ECA_NOP,98121,Botswana,BWA,72
SDGRC,ECA_Non-Oil Producing,SDGRC_ECA_NOP,98121,Burkina Faso,BFA,854
SDGRC,ECA_Non-Oil Producing,SDGRC_ECA_NOP,98121,Burundi,BDI,108
SDGRC,ECA_Non-Oil Producing,SDGRC_ECA_NOP,98121,Cabo Verde,CPV,132
SDGRC,ECA_Non-Oil Producing,SDGRC_ECA_NOP,98121,Central African Republic,CAF,140
SDGRC,ECA_Non-Oil Producing,SDGRC_ECA_NOP,98121,Comoros,COM,174
SDGRC,ECA_Non-Oil Producing,SDGRC_ECA_NOP,98121,Djibouti,DJI,262
SDGRC,ECA_Non-Oil Producing,SDGRC_ECA_NOP,98121,Eritrea,ERI,232
SDGRC,ECA_Non-Oil Producing,SDGRC_ECA_NOP,98121,Eswatini,SWZ,748
SDGRC,ECA_Non-Oil Producing,SDGRC_ECA_NOP,98121,Ethiopia,ETH,231
SDGRC,ECA_Non-Oil Producing,SDGRC_ECA_NOP,98121,Gambia,GMB,270
SDGRC,ECA_Non-Oil Producing,SDGRC_ECA_NOP,98121,Guinea,GIN,324
SDGRC,ECA_Non-Oil Producing,SDGRC_ECA_NOP,98121,Guinea-Bissau,GNB,624
SDGRC,ECA_Non-Oil Producing,SDGRC_ECA_NOP,98121,Kenya,KEN,404
SDGRC,ECA_Non-Oil Producing,SDGRC_ECA_NOP,98121,Lesotho,LSO,426
SDGRC,ECA_Non-Oil Producing,SDGRC_ECA_NOP,98121,Liberia,LBR,430
SDGRC,ECA_Non-Oil Producing,SDGRC_ECA_NOP,98121,Madagascar,MDG,450
SDGRC,ECA_Non-Oil Producing,SDGRC_ECA_NOP,98121,Malawi,MWI,454
SDGRC,ECA_Non-Oil Producing,SDGRC_ECA_NOP,98121,Mali,MLI,466
SDGRC,ECA_Non-Oil Producing,SDGRC_ECA_NOP,98121,Mauritania,MRT,478
SDGRC,ECA_Non-Oil Producing,SDGRC_ECA_NOP,98121,Mauritius,MUS,480
SDGRC,ECA_Non-Oil Producing,SDGRC_ECA_NOP,98121,Morocco,MAR,504
SDGRC,ECA_Non-Oil Producing,SDGRC_ECA_NOP,98121,Mozambique,MOZ,508
SDGRC,ECA_Non-Oil Producing,SDGRC_ECA_NOP,98121,Namibia,NAM,516
SDGRC,ECA_Non-Oil Producing,SDGRC_ECA_NOP,98121,Rwanda,RWA,646
SDGRC,ECA_Non-Oil Producing,SDGRC_ECA_NOP,98121,Sao Tome and Principe,STP,678
SDGRC,ECA_Non-Oil Producing,SDGRC_ECA_NOP,98121,Senegal,SEN,686
SDGRC,ECA_Non-Oil Producing,SDGRC_ECA_NOP,98121,Seychelles,SYC,690
SDGRC,ECA_Non-Oil Producing,SDGRC_ECA_NOP,98121,Sierra Leone,SLE,694
SDGRC,ECA_Non-Oil Producing,SDGRC_ECA_NOP,98121,Somalia,SOM,706
SDGRC,ECA_Non-Oil Producing,SDGRC_ECA_NOP,98121,South Africa,ZAF,710
SDGRC,ECA_Non-Oil Producing,SDGRC_ECA_NOP,98121,Togo,TGO,768
SDGRC,ECA_Non-Oil Producing,SDGRC_ECA_NOP,98121,Uganda,UGA,800
SDGRC,ECA_Non-Oil Producing,SDGRC_ECA_NOP,98121,United Republic of Tanzania,TZA,834
SDGRC,ECA_Non-Oil Producing,SDGRC_ECA_NOP,98121,Zambia,ZMB,894
SDGRC,ECA_Non-Oil Producing,SDGRC_ECA_NOP,98121,Zimbabwe,ZWE,716
SDGRC,ECA_North Africa,SDGRC_ECA_NA,98103,Algeria,DZA,12
SDGRC,ECA_North Africa,SDGRC_ECA_NA,98103,Egypt,EGY,818
SDGRC,ECA_North Africa,SDGRC_ECA_NA,98103,Libya,LBY,434
SDGRC,ECA_North Africa,SDGRC_ECA_NA,98103,Mauritania,MRT,478
SDGRC,ECA_North Africa,SDGRC_ECA_NA,98103,Morocco,MAR,504
SDGRC,ECA_North Africa,SDGRC_ECA_NA,98103,Sudan,SDN,729
SDGRC,ECA_North Africa,SDGRC_ECA_NA,98103,Tunisia,TUN,788
SDGRC,ECA_Oil LDCs,SDGRC_ECA_O_LDC,98122,Angola,AGO,24
SDGRC,ECA_Oil LDCs,SDGRC_ECA_O_LDC,98122,Chad,TCD,148
SDGRC,ECA_Oil LDCs,SDGRC_ECA_O_LDC,98122,Democratic Republic of the Congo,COD,180
SDGRC,ECA_Oil LDCs,SDGRC_ECA_O_LDC,98122,Niger,NER,562
SDGRC,ECA_Oil LDCs,SDGRC_ECA_O_LDC,98122,South Sudan,SSD,728
SDGRC,ECA_Oil LDCs,SDGRC_ECA_O_LDC,98122,Sudan,SDN,729
SDGRC,ECA_Oil producing economies,SDGRC_ECA_OP,98123,Algeria,DZA,12
SDGRC,ECA_Oil producing economies,SDGRC_ECA_OP,98123,Angola,AGO,24
SDGRC,ECA_Oil producing economies,SDGRC_ECA_OP,98123,Cameroon,CMR,120
SDGRC,ECA_Oil producing economies,SDGRC_ECA_OP,98123,Chad,TCD,148
SDGRC,ECA_Oil producing economies,SDGRC_ECA_OP,98123,Congo,COG,178
SDGRC,ECA_Oil producing economies,SDGRC_ECA_OP,98123,Côte d'Ivoire,CIV,384
SDGRC,ECA_Oil producing economies,SDGRC_ECA_OP,98123,Democratic Republic of the Congo,COD,180
SDGRC,ECA_Oil producing economies,SDGRC_ECA_OP,98123,Egypt,EGY,818
SDGRC,ECA_Oil producing economies,SDGRC_ECA_OP,98123,Equatorial Guinea,GNQ,226
SDGRC,ECA_Oil producing economies,SDGRC_ECA_OP,98123,Gabon,GAB,266
SDGRC,ECA_Oil producing economies,SDGRC_ECA_OP,98123,Ghana,GHA,288
SDGRC,ECA_Oil producing economies,SDGRC_ECA_OP,98123,Libya,LBY,434
SDGRC,ECA_Oil producing economies,SDGRC_ECA_OP,98123,Niger,NER,562
SDGRC,ECA_Oil producing economies,SDGRC_ECA_OP,98123,Nigeria,NGA,566
SDGRC,ECA_Oil producing economies,SDGRC_ECA_OP,98123,South Sudan,SSD,728
SDGRC,ECA_Oil producing economies,SDGRC_ECA_OP,98123,Sudan,SDN,729
SDGRC,ECA_Oil producing economies,SDGRC_ECA_OP,98123,Tunisia,TUN,788
SDGRC,ECA_SADC,SDGRC_ECA_SADC,98110,Angola,AGO,24
SDGRC,ECA_SADC,SDGRC_ECA_SADC,98110,Botswana,BWA,72
SDGRC,ECA_SADC,SDGRC_ECA_SADC,98110,Comoros,COM,174
SDGRC,ECA_SADC,SDGRC_ECA_SADC,98110,Democratic Republic of the Congo,COD,180
SDGRC,ECA_SADC,SDGRC_ECA_SADC,98110,Eswatini,SWZ,748
SDGRC,ECA_SADC,SDGRC_ECA_SADC,98110,Lesotho,LSO,426
SDGRC,ECA_SADC,SDGRC_ECA_SADC,98110,Madagascar,MDG,450
SDGRC,ECA_SADC,SDGRC_ECA_SADC,98110,Malawi,MWI,454
SDGRC,ECA_SADC,SDGRC_ECA_SADC,98110,Mauritius,MUS,480
SDGRC,ECA_SADC,SDGRC_ECA_SADC,98110,Mozambique,MOZ,508
SDGRC,ECA_SADC,SDGRC_ECA_SADC,98110,Namibia,NAM,516
SDGRC,ECA_SADC,SDGRC_ECA_SADC,98110,Seychelles,SYC,690
SDGRC,ECA_SADC,SDGRC_ECA_SADC,98110,South Africa,ZAF,710
SDGRC,ECA_SADC,SDGRC_ECA_SADC,98110,United Republic of Tanzania,TZA,834
SDGRC,ECA_SADC,SDGRC_ECA_SADC,98110,Zambia,ZMB,894
SDGRC,ECA_SADC,SDGRC_ECA_SADC,98110,Zimbabwe,ZWE,716
SDGRC,ECA_Sahel,SDGRC_ECA_SAHEL,98124,Burkina Faso,BFA,854
SDGRC,ECA_Sahel,SDGRC_ECA_SAHEL,98124,Cameroon,CMR,120
SDGRC,ECA_Sahel,SDGRC_ECA_SAHEL,98124,Chad,TCD,148
SDGRC,ECA_Sahel,SDGRC_ECA_SAHEL,98124,Gambia,GMB,270
SDGRC,ECA_Sahel,SDGRC_ECA_SAHEL,98124,Guinea,GIN,324
SDGRC,ECA_Sahel,SDGRC_ECA_SAHEL,98124,Mali,MLI,466
SDGRC,ECA_Sahel,SDGRC_ECA_SAHEL,98124,Mauritania,MRT,478
SDGRC,ECA_Sahel,SDGRC_ECA_SAHEL,98124,Niger,NER,562
SDGRC,ECA_Sahel,SDGRC_ECA_SAHEL,98124,Nigeria,NGA,566
SDGRC,ECA_Sahel,SDGRC_ECA_SAHEL,98124,Senegal,SEN,686
SDGRC,ECA_Small Island states,SDGRC_ECA_SIS,98125,Cabo Verde,CPV,132
SDGRC,ECA_Small Island states,SDGRC_ECA_SIS,98125,Comoros,COM,174
SDGRC,ECA_Small Island states,SDGRC_ECA_SIS,98125,Mauritius,MUS,480
SDGRC,ECA_Small Island states,SDGRC_ECA_SIS,98125,Sao Tome and Principe,STP,678
SDGRC,ECA_Small Island states,SDGRC_ECA_SIS,98125,Seychelles,SYC,690
SDGRC,ECA_Southern Africa,SDGRC_ECA_SA,98104,Angola,AGO,24
SDGRC,ECA_Southern Africa,SDGRC_ECA_SA,98104,Botswana,BWA,72
SDGRC,ECA_Southern Africa,SDGRC_ECA_SA,98104,Eswatini,SWZ,748
SDGRC,ECA_Southern Africa,SDGRC_ECA_SA,98104,Lesotho,LSO,426
SDGRC,ECA_Southern Africa,SDGRC_ECA_SA,98104,Malawi,MWI,454
SDGRC,ECA_Southern Africa,SDGRC_ECA_SA,98104,Mauritius,MUS,480
SDGRC,ECA_Southern Africa,SDGRC_ECA_SA,98104,Mozambique,MOZ,508
SDGRC,ECA_Southern Africa,SDGRC_ECA_SA,98104,Namibia,NAM,516
SDGRC,ECA_Southern Africa,SDGRC_ECA_SA,98104,South Africa,ZAF,710
SDGRC,ECA_Southern Africa,SDGRC_ECA_SA,98104,Zambia,ZMB,894
SDGRC,ECA_Southern Africa,SDGRC_ECA_SA,98104,Zimbabwe,ZWE,716
SDGRC,ECA_Southern Africa Customs Union (SACU),SDGRC_ECA_SACU,98127,Botswana,BWA,72
SDGRC,ECA_Southern Africa Customs Union (SACU),SDGRC_ECA_SACU,98127,Eswatini,SWZ,748
SDGRC,ECA_Southern Africa Customs Union (SACU),SDGRC_ECA_SACU,98127,Lesotho,LSO,426
SDGRC,ECA_Southern Africa Customs Union (SACU),SDGRC_ECA_SACU,98127,Namibia,NAM,516
SDGRC,ECA_Southern Africa Customs Union (SACU),SDGRC_ECA_SACU,98127,South Africa,ZAF,710
SDGRC,ECA_Sub-Saharan Africa,SDGRC_ECA_SSA,98126,Angola,AGO,24
SDGRC,ECA_Sub-Saharan Africa,SDGRC_ECA_SSA,98126,Benin,BEN,204
SDGRC,ECA_Sub-Saharan Africa,SDGRC_ECA_SSA,98126,Botswana,BWA,72
SDGRC,ECA_Sub-Saharan Africa,SDGRC_ECA_SSA,98126,Burkina Faso,BFA,854
SDGRC,ECA_Sub-Saharan Africa,SDGRC_ECA_SSA,98126,Burundi,BDI,108
SDGRC,ECA_Sub-Saharan Africa,SDGRC_ECA_SSA,98126,Cabo Verde,CPV,132
SDGRC,ECA_Sub-Saharan Africa,SDGRC_ECA_SSA,98126,Cameroon,CMR,120
SDGRC,ECA_Sub-Saharan Africa,SDGRC_ECA_SSA,98126,Central African Republic,CAF,140
SDGRC,ECA_Sub-Saharan Africa,SDGRC_ECA_SSA,98126,Chad,TCD,148
SDGRC,ECA_Sub-Saharan Africa,SDGRC_ECA_SSA,98126,Comoros,COM,174
SDGRC,ECA_Sub-Saharan Africa,SDGRC_ECA_SSA,98126,Congo,COG,178
SDGRC,ECA_Sub-Saharan Africa,SDGRC_ECA_SSA,98126,Côte d'Ivoire,CIV,384
SDGRC,ECA_Sub-Saharan Africa,SDGRC_ECA_SSA,98126,Democratic Republic of the Congo,COD,180
SDGRC,ECA_Sub-Saharan Africa,SDGRC_ECA_SSA,98126,Djibouti,DJI,262
SDGRC,ECA_Sub-Saharan Africa,SDGRC_ECA_SSA,98126,Equatorial Guinea,GNQ,226
SDGRC,ECA_Sub-Saharan Africa,SDGRC_ECA_SSA,98126,Eritrea,ERI,232
SDGRC,ECA_Sub-Saharan Africa,SDGRC_ECA_SSA,98126,Eswatini,SWZ,748
SDGRC,ECA_Sub-Saharan Africa,SDGRC_ECA_SSA,98126,Ethiopia,ETH,231
SDGRC,ECA_Sub-Saharan Africa,SDGRC_ECA_SSA,98126,Gabon,GAB,266
SDGRC,ECA_Sub-Saharan Africa,SDGRC_ECA_SSA,98126,Gambia,GMB,270
SDGRC,ECA_Sub-Saharan Africa,SDGRC_ECA_SSA,98126,Ghana,GHA,288
SDGRC,ECA_Sub-Saharan Africa,SDGRC_ECA_SSA,98126,Guinea,GIN,324
SDGRC,ECA_Sub-Saharan Africa,SDGRC_ECA_SSA,98126,Guinea-Bissau,GNB,624
SDGRC,ECA_Sub-Saharan Africa,SDGRC_ECA_SSA,98126,Kenya,KEN,404
SDGRC,ECA_Sub-Saharan Africa,SDGRC_ECA_SSA,98126,Lesotho,LSO,426
SDGRC,ECA_Sub-Saharan Africa,SDGRC_ECA_SSA,98126,Liberia,LBR,430
SDGRC,ECA_Sub-Saharan Africa,SDGRC_ECA_SSA,98126,Madagascar,MDG,450
SDGRC,ECA_Sub-Saharan Africa,SDGRC_ECA_SSA,98126,Malawi,MWI,454
SDGRC,ECA_Sub-Saharan Africa,SDGRC_ECA_SSA,98126,Mali,MLI,466
SDGRC,ECA_Sub-Saharan Africa,SDGRC_ECA_SSA,98126,Mauritius,MUS,480
SDGRC,ECA_Sub-Saharan Africa,SDGRC_ECA_SSA,98126,Mozambique,MOZ,508
SDGRC,ECA_Sub-Saharan Africa,SDGRC_ECA_SSA,98126,Namibia,NAM,516
SDGRC,ECA_Sub-Saharan Africa,SDGRC_ECA_SSA,98126,Niger,NER,562
SDGRC,ECA_Sub-Saharan Africa,SDGRC_ECA_SSA,98126,Nigeria,NGA,566
SDGRC,ECA_Sub-Saharan Africa,SDGRC_ECA_SSA,98126,Rwanda,RWA,646
SDGRC,ECA_Sub-Saharan Africa,SDGRC_ECA_SSA,98126,Sao Tome and Principe,STP,678
SDGRC,ECA_Sub-Saharan Africa,SDGRC_ECA_SSA,98126,Senegal,SEN,686
SDGRC,ECA_Sub-Saharan Africa,SDGRC_ECA_SSA,98126,Seychelles,SYC,690
SDGRC,ECA_Sub-Saharan Africa,SDGRC_ECA_SSA,98126,Sierra Leone,SLE,694
SDGRC,ECA_Sub-Saharan Africa,SDGRC_ECA_SSA,98126,Somalia,SOM,706
SDGRC,ECA_Sub-Saharan Africa,SDGRC_ECA_SSA,98126,South Africa,ZAF,710
SDGRC,ECA_Sub-Saharan Africa,SDGRC_ECA_SSA,98126,South Sudan,SSD,728
SDGRC,ECA_Sub-Saharan Africa,SDGRC_ECA_SSA,98126,Sudan,SDN,729
SDGRC,ECA_Sub-Saharan Africa,SDGRC_ECA_SSA,98126,Togo,TGO,768
SDGRC,ECA_Sub-Saharan Africa,SDGRC_ECA_SSA,98126,Uganda,UGA,800
SDGRC,ECA_Sub-Saharan Africa,SDGRC_ECA_SSA,98126,United Republic of Tanzania,TZA,834
SDGRC,ECA_Sub-Saharan Africa,SDGRC_ECA_SSA,98126,Zambia,ZMB,894
SDGRC,ECA_Sub-Saharan Africa,SDGRC_ECA_SSA,98126,Zimbabwe,ZWE,716
SDGRC,ECA_West Africa,SDGRC_ECA_WA,98105,Benin,BEN,204
SDGRC,ECA_West Africa,SDGRC_ECA_WA,98105,Burkina Faso,BFA,854
SDGRC,ECA_West Africa,SDGRC_ECA_WA,98105,Cabo Verde,CPV,132
SDGRC,ECA_West Africa,SDGRC_ECA_WA,98105,Côte d'Ivoire,CIV,384
SDGRC,ECA_West Africa,SDGRC_ECA_WA,98105,Gambia,GMB,270
SDGRC,ECA_West Africa,SDGRC_ECA_WA,98105,Ghana,GHA,288
SDGRC,ECA_West Africa,SDGRC_ECA_WA,98105,Guinea,GIN,324
SDGRC,ECA_West Africa,SDGRC_ECA_WA,98105,Guinea-Bissau,GNB,624
SDGRC,ECA_West Africa,SDGRC_ECA_WA,98105,Liberia,LBR,430
SDGRC,ECA_West Africa,SDGRC_ECA_WA,98105,Mali,MLI,466
SDGRC,ECA_West Africa,SDGRC_ECA_WA,98105,Niger,NER,562
SDGRC,ECA_West Africa,SDGRC_ECA_WA,98105,Nigeria,NGA,566
SDGRC,ECA_West Africa,SDGRC_ECA_WA,98105,Senegal,SEN,686
SDGRC,ECA_West Africa,SDGRC_ECA_WA,98105,Sierra Leone,SLE,694
SDGRC,ECA_West Africa,SDGRC_ECA_WA,98105,Togo,TGO,768
SDGRC,ECE_All countries,SDGRC_ECE_ALL,98200,Albania,ALB,8
SDGRC,ECE_All countries,SDGRC_ECE_ALL,98200,Andorra,AND,20
SDGRC,ECE_All countries,SDGRC_ECE_ALL,98200,Armenia,ARM,51
SDGRC,ECE_All countries,SDGRC_ECE_ALL,98200,Austria,AUT,40
SDGRC,ECE_All countries,SDGRC_ECE_ALL,98200,Azerbaijan,AZE,31
SDGRC,ECE_All countries,SDGRC_ECE_ALL,98200,Belarus,BLR,112
SDGRC,ECE_All countries,SDGRC_ECE_ALL,98200,Belgium,BEL,56
SDGRC,ECE_All countries,SDGRC_ECE_ALL,98200,Bosnia and Herzegovina,BIH,70
SDGRC,ECE_All countries,SDGRC_ECE_ALL,98200,Bulgaria,BGR,100
SDGRC,ECE_All countries,SDGRC_ECE_ALL,98200,Canada,CAN,124
SDGRC,ECE_All countries,SDGRC_ECE_ALL,98200,Croatia,HRV,191
SDGRC,ECE_All countries,SDGRC_ECE_ALL,98200,Cyprus,CYP,196
SDGRC,ECE_All countries,SDGRC_ECE_ALL,98200,Czechia,CZE,203
SDGRC,ECE_All countries,SDGRC_ECE_ALL,98200,Denmark,DNK,208
SDGRC,ECE_All countries,SDGRC_ECE_ALL,98200,Estonia,EST,233
SDGRC,ECE_All countries,SDGRC_ECE_ALL,98200,Finland,FIN,246
SDGRC,ECE_All countries,SDGRC_ECE_ALL,98200,France,FRA,250
SDGRC,ECE_All countries,SDGRC_ECE_ALL,98200,Georgia,GEO,268
SDGRC,ECE_All countries,SDGRC_ECE_ALL,98200,Germany,DEU,276
SDGRC,ECE_All countries,SDGRC_ECE_ALL,98200,Greece,GRC,300
SDGRC,ECE_All countries,SDGRC_ECE_ALL,98200,Hungary,HUN,348
SDGRC,ECE_All countries,SDGRC_ECE_ALL,98200,Iceland,ISL,352
SDGRC,ECE_All countries,SDGRC_ECE_ALL,98200,Ireland,IRL,372
SDGRC,ECE_All countries,SDGRC_ECE_ALL,98200,Israel,ISR,376
SDGRC,ECE_All countries,SDGRC_ECE_ALL,98200,Italy,ITA,380
SDGRC,ECE_All countries,SDGRC_ECE_ALL,98200,Kazakhstan,KAZ,398
SDGRC,ECE_All countries,SDGRC_ECE_ALL,98200,Kyrgyzstan,KGZ,417
SDGRC,ECE_All countries,SDGRC_ECE_ALL,98200,Latvia,LVA,428
SDGRC,ECE_All countries,SDGRC_ECE_ALL,98200,Liechtenstein,LIE,438
SDGRC,ECE_All countries,SDGRC_ECE_ALL,98200,Lithuania,LTU,440
SDGRC,ECE_All countries,SDGRC_ECE_ALL,98200,Luxembourg,LUX,442
SDGRC,ECE_All countries,SDGRC_ECE_ALL,98200,Malta,MLT,470
SDGRC,ECE_All countries,SDGRC_ECE_ALL,98200,Monaco,MCO,492
SDGRC,ECE_All countries,SDGRC_ECE_ALL,98200,Montenegro,MNE,499
SDGRC,ECE_All countries,SDGRC_ECE_ALL,98200,Netherlands (Kingdom of the),NLD,528
SDGRC,ECE_All countries,SDGRC_ECE_ALL,98200,North Macedonia,MKD,807
SDGRC,ECE_All countries,SDGRC_ECE_ALL,98200,Norway,NOR,578
SDGRC,ECE_All countries,SDGRC_ECE_ALL,98200,Poland,POL,616
SDGRC,ECE_All countries,SDGRC_ECE_ALL,98200,Portugal,PRT,620
SDGRC,ECE_All countries,SDGRC_ECE_ALL,98200,Republic of Moldova,MDA,498
SDGRC,ECE_All countries,SDGRC_ECE_ALL,98200,Romania,ROU,642
SDGRC,ECE_All countries,SDGRC_ECE_ALL,98200,Russian Federation,RUS,643
SDGRC,ECE_All countries,SDGRC_ECE_ALL,98200,San Marino,SMR,674
SDGRC,ECE_All countries,SDGRC_ECE_ALL,98200,Serbia,SRB,688
SDGRC,ECE_All countries,SDGRC_ECE_ALL,98200,Slovakia,SVK,703
SDGRC,ECE_All countries,SDGRC_ECE_ALL,98200,Slovenia,SVN,705
SDGRC,ECE_All countries,SDGRC_ECE_ALL,98200,Spain,ESP,724
SDGRC,ECE_All countries,SDGRC_ECE_ALL,98200,Sweden,SWE,752
SDGRC,ECE_All countries,SDGRC_ECE_ALL,98200,Switzerland,CHE,756
SDGRC,ECE_All countries,SDGRC_ECE_ALL,98200,Tajikistan,TJK,762
SDGRC,ECE_All countries,SDGRC_ECE_ALL,98200,Turkmenistan,TKM,795
SDGRC,ECE_All countries,SDGRC_ECE_ALL,98200,Türkiye,TUR,792
SDGRC,ECE_All countries,SDGRC_ECE_ALL,98200,Ukraine,UKR,804
SDGRC,ECE_All countries,SDGRC_ECE_ALL,98200,United Kingdom,GBR,826
SDGRC,ECE_All countries,SDGRC_ECE_ALL,98200,United States,USA,840
SDGRC,ECE_All countries,SDGRC_ECE_ALL,98200,Uzbekistan,UZB,860
SDGRC,ECE_CIS (CWG),SDGRC_ECE_CIS11,98201,Armenia,ARM,51
SDGRC,ECE_CIS (CWG),SDGRC_ECE_CIS11,98201,Azerbaijan,AZE,31
SDGRC,ECE_CIS (CWG),SDGRC_ECE_CIS11,98201,Belarus,BLR,112
SDGRC,ECE_CIS (CWG),SDGRC_ECE_CIS11,98201,Kazakhstan,KAZ,398
SDGRC,ECE_CIS (CWG),SDGRC_ECE_CIS11,98201,Kyrgyzstan,KGZ,417
SDGRC,ECE_CIS (CWG),SDGRC_ECE_CIS11,98201,Republic of Moldova,MDA,498
SDGRC,ECE_CIS (CWG),SDGRC_ECE_CIS11,98201,Russian Federation,RUS,643
SDGRC,ECE_CIS (CWG),SDGRC_ECE_CIS11,98201,Tajikistan,TJK,762
SDGRC,ECE_CIS (CWG),SDGRC_ECE_CIS11,98201,Turkmenistan,TKM,795
SDGRC,ECE_CIS (CWG),SDGRC_ECE_CIS11,98201,Ukraine,UKR,804
SDGRC,ECE_CIS (CWG),SDGRC_ECE_CIS11,98201,Uzbekistan,UZB,860
SDGRC,"ECE_Eastern Europe, Caucasus and Central Asia (CIS)",SDGRC_ECE_EECCA,98202,Armenia,ARM,51
SDGRC,"ECE_Eastern Europe, Caucasus and Central Asia (CIS)",SDGRC_ECE_EECCA,98202,Azerbaijan,AZE,31
SDGRC,"ECE_Eastern Europe, Caucasus and Central Asia (CIS)",SDGRC_ECE_EECCA,98202,Belarus,BLR,112
SDGRC,"ECE_Eastern Europe, Caucasus and Central Asia (CIS)",SDGRC_ECE_EECCA,98202,Georgia,GEO,268
SDGRC,"ECE_Eastern Europe, Caucasus and Central Asia (CIS)",SDGRC_ECE_EECCA,98202,Kazakhstan,KAZ,398
SDGRC,"ECE_Eastern Europe, Caucasus and Central Asia (CIS)",SDGRC_ECE_EECCA,98202,Kyrgyzstan,KGZ,417
SDGRC,"ECE_Eastern Europe, Caucasus and Central Asia (CIS)",SDGRC_ECE_EECCA,98202,Republic of Moldova,MDA,498
SDGRC,"ECE_Eastern Europe, Caucasus and Central Asia (CIS)",SDGRC_ECE_EECCA,98202,Russian Federation,RUS,643
SDGRC,"ECE_Eastern Europe, Caucasus and Central Asia (CIS)",SDGRC_ECE_EECCA,98202,Tajikistan,TJK,762
SDGRC,"ECE_Eastern Europe, Caucasus and Central Asia (CIS)",SDGRC_ECE_EECCA,98202,Turkmenistan,TKM,795
SDGRC,"ECE_Eastern Europe, Caucasus and Central Asia (CIS)",SDGRC_ECE_EECCA,98202,Ukraine,UKR,804
SDGRC,"ECE_Eastern Europe, Caucasus and Central Asia (CIS)",SDGRC_ECE_EECCA,98202,Uzbekistan,UZB,860
SDGRC,ECE_Eurasian Economic Union (EAEU),SDGRC_ECE_EAEU,98206,Armenia,ARM,51
SDGRC,ECE_Eurasian Economic Union (EAEU),SDGRC_ECE_EAEU,98206,Belarus,BLR,112
SDGRC,ECE_Eurasian Economic Union (EAEU),SDGRC_ECE_EAEU,98206,Kazakhstan,KAZ,398
SDGRC,ECE_Eurasian Economic Union (EAEU),SDGRC_ECE_EAEU,98206,Kyrgyzstan,KGZ,417
SDGRC,ECE_Eurasian Economic Union (EAEU),SDGRC_ECE_EAEU,98206,Russian Federation,RUS,643
SDGRC,ECE_Euro area (EMU),SDGRC_ECE_EU_EUROAREA,98204,Austria,AUT,40
SDGRC,ECE_Euro area (EMU),SDGRC_ECE_EU_EUROAREA,98204,Belgium,BEL,56
SDGRC,ECE_Euro area (EMU),SDGRC_ECE_EU_EUROAREA,98204,Cyprus,CYP,196
SDGRC,ECE_Euro area (EMU),SDGRC_ECE_EU_EUROAREA,98204,Estonia,EST,233
SDGRC,ECE_Euro area (EMU),SDGRC_ECE_EU_EUROAREA,98204,Finland,FIN,246
SDGRC,ECE_Euro area (EMU),SDGRC_ECE_EU_EUROAREA,98204,France,FRA,250
SDGRC,ECE_Euro area (EMU),SDGRC_ECE_EU_EUROAREA,98204,Germany,DEU,276
SDGRC,ECE_Euro area (EMU),SDGRC_ECE_EU_EUROAREA,98204,Greece,GRC,300
SDGRC,ECE_Euro area (EMU),SDGRC_ECE_EU_EUROAREA,98204,Ireland,IRL,372
SDGRC,ECE_Euro area (EMU),SDGRC_ECE_EU_EUROAREA,98204,Italy,ITA,380
SDGRC,ECE_Euro area (EMU),SDGRC_ECE_EU_EUROAREA,98204,Latvia,LVA,428
SDGRC,ECE_Euro area (EMU),SDGRC_ECE_EU_EUROAREA,98204,Lithuania,LTU,440
SDGRC,ECE_Euro area (EMU),SDGRC_ECE_EU_EUROAREA,98204,Luxembourg,LUX,442
SDGRC,ECE_Euro area (EMU),SDGRC_ECE_EU_EUROAREA,98204,Malta,MLT,470
SDGRC,ECE_Euro area (EMU),SDGRC_ECE_EU_EUROAREA,98204,Netherlands (Kingdom of the),NLD,528
SDGRC,ECE_Euro area (EMU),SDGRC_ECE_EU_EUROAREA,98204,Portugal,PRT,620
SDGRC,ECE_Euro area (EMU),SDGRC_ECE_EU_EUROAREA,98204,Slovakia,SVK,703
SDGRC,ECE_Euro area (EMU),SDGRC_ECE_EU_EUROAREA,98204,Slovenia,SVN,705
SDGRC,ECE_Euro area (EMU),SDGRC_ECE_EU_EUROAREA,98204,Spain,ESP,724
SDGRC,ECE_European Union (E25),SDGRC_ECE_EU27,98203,Austria,AUT,40
SDGRC,ECE_European Union (E25),SDGRC_ECE_EU27,98203,Belgium,BEL,56
SDGRC,ECE_European Union (E25),SDGRC_ECE_EU27,98203,Bulgaria,BGR,100
SDGRC,ECE_European Union (E25),SDGRC_ECE_EU27,98203,Croatia,HRV,191
SDGRC,ECE_European Union (E25),SDGRC_ECE_EU27,98203,Cyprus,CYP,196
SDGRC,ECE_European Union (E25),SDGRC_ECE_EU27,98203,Czechia,CZE,203
SDGRC,ECE_European Union (E25),SDGRC_ECE_EU27,98203,Denmark,DNK,208
SDGRC,ECE_European Union (E25),SDGRC_ECE_EU27,98203,Estonia,EST,233
SDGRC,ECE_European Union (E25),SDGRC_ECE_EU27,98203,Finland,FIN,246
SDGRC,ECE_European Union (E25),SDGRC_ECE_EU27,98203,France,FRA,250
SDGRC,ECE_European Union (E25),SDGRC_ECE_EU27,98203,Germany,DEU,276
SDGRC,ECE_European Union (E25),SDGRC_ECE_EU27,98203,Greece,GRC,300
SDGRC,ECE_European Union (E25),SDGRC_ECE_EU27,98203,Hungary,HUN,348
SDGRC,ECE_European Union (E25),SDGRC_ECE_EU27,98203,Ireland,IRL,372
SDGRC,ECE_European Union (E25),SDGRC_ECE_EU27,98203,Italy,ITA,380
SDGRC,ECE_European Union (E25),SDGRC_ECE_EU27,98203,Latvia,LVA,428
SDGRC,ECE_European Union (E25),SDGRC_ECE_EU27,98203,Lithuania,LTU,440
SDGRC,ECE_European Union (E25),SDGRC_ECE_EU27,98203,Luxembourg,LUX,442
SDGRC,ECE_European Union (E25),SDGRC_ECE_EU27,98203,Malta,MLT,470
SDGRC,ECE_European Union (E25),SDGRC_ECE_EU27,98203,Netherlands (Kingdom of the),NLD,528
SDGRC,ECE_European Union (E25),SDGRC_ECE_EU27,98203,Poland,POL,616
SDGRC,ECE_European Union (E25),SDGRC_ECE_EU27,98203,Portugal,PRT,620
SDGRC,ECE_European Union (E25),SDGRC_ECE_EU27,98203,Romania,ROU,642
SDGRC,ECE_European Union (E25),SDGRC_ECE_EU27,98203,Slovakia,SVK,703
SDGRC,ECE_European Union (E25),SDGRC_ECE_EU27,98203,Slovenia,SVN,705
SDGRC,ECE_European Union (E25),SDGRC_ECE_EU27,98203,Spain,ESP,724
SDGRC,ECE_European Union (E25),SDGRC_ECE_EU27,98203,Sweden,SWE,752
SDGRC,ECE_West Balkans (ST7),SDGRC_ECE_WESTBALKANS,98205,Albania,ALB,8
SDGRC,ECE_West Balkans (ST7),SDGRC_ECE_WESTBALKANS,98205,Bosnia and Herzegovina,BIH,70
SDGRC,ECE_West Balkans (ST7),SDGRC_ECE_WESTBALKANS,98205,Croatia,HRV,191
SDGRC,ECE_West Balkans (ST7),SDGRC_ECE_WESTBALKANS,98205,Montenegro,MNE,499
SDGRC,ECE_West Balkans (ST7),SDGRC_ECE_WESTBALKANS,98205,North Macedonia,MKD,807
SDGRC,ECE_West Balkans (ST7),SDGRC_ECE_WESTBALKANS,98205,Serbia,SRB,688
SDGRC,ECLAC_All countries,SDGRC_ECLAC_ALL,98300,Anguilla,AIA,660
SDGRC,ECLAC_All countries,SDGRC_ECLAC_ALL,98300,Antigua and Barbuda,ATG,28
SDGRC,ECLAC_All countries,SDGRC_ECLAC_ALL,98300,Argentina,ARG,32
SDGRC,ECLAC_All countries,SDGRC_ECLAC_ALL,98300,Aruba,ABW,533
SDGRC,ECLAC_All countries,SDGRC_ECLAC_ALL,98300,Bahamas,BHS,44
SDGRC,ECLAC_All countries,SDGRC_ECLAC_ALL,98300,Barbados,BRB,52
SDGRC,ECLAC_All countries,SDGRC_ECLAC_ALL,98300,Belize,BLZ,84
SDGRC,ECLAC_All countries,SDGRC_ECLAC_ALL,98300,Bolivia (Plurinational State of),BOL,68
SDGRC,ECLAC_All countries,SDGRC_ECLAC_ALL,98300,"Bonaire, Sint Eustatius and Saba",BES,535
SDGRC,ECLAC_All countries,SDGRC_ECLAC_ALL,98300,Brazil,BRA,76
SDGRC,ECLAC_All countries,SDGRC_ECLAC_ALL,98300,British Virgin Islands,VGB,92
SDGRC,ECLAC_All countries,SDGRC_ECLAC_ALL,98300,Cayman Islands,CYM,136
SDGRC,ECLAC_All countries,SDGRC_ECLAC_ALL,98300,Chile,CHL,152
SDGRC,ECLAC_All countries,SDGRC_ECLAC_ALL,98300,Colombia,COL,170
SDGRC,ECLAC_All countries,SDGRC_ECLAC_ALL,98300,Costa Rica,CRI,188
SDGRC,ECLAC_All countries,SDGRC_ECLAC_ALL,98300,Cuba,CUB,192
SDGRC,ECLAC_All countries,SDGRC_ECLAC_ALL,98300,Curaçao,CUW,531
SDGRC,ECLAC_All countries,SDGRC_ECLAC_ALL,98300,Dominica,DMA,212
SDGRC,ECLAC_All countries,SDGRC_ECLAC_ALL,98300,Dominican Republic,DOM,214
SDGRC,ECLAC_All countries,SDGRC_ECLAC_ALL,98300,Ecuador,ECU,218
SDGRC,ECLAC_All countries,SDGRC_ECLAC_ALL,98300,El Salvador,SLV,222
SDGRC,ECLAC_All countries,SDGRC_ECLAC_ALL,98300,French Guiana,GUF,254
SDGRC,ECLAC_All countries,SDGRC_ECLAC_ALL,98300,Grenada,GRD,308
SDGRC,ECLAC_All countries,SDGRC_ECLAC_ALL,98300,Guadeloupe,GLP,312
SDGRC,ECLAC_All countries,SDGRC_ECLAC_ALL,98300,Guatemala,GTM,320
SDGRC,ECLAC_All countries,SDGRC_ECLAC_ALL,98300,Guyana,GUY,328
SDGRC,ECLAC_All countries,SDGRC_ECLAC_ALL,98300,Haiti,HTI,332
SDGRC,ECLAC_All countries,SDGRC_ECLAC_ALL,98300,Honduras,HND,340
SDGRC,ECLAC_All countries,SDGRC_ECLAC_ALL,98300,Jamaica,JAM,388
SDGRC,ECLAC_All countries,SDGRC_ECLAC_ALL,98300,Martinique,MTQ,474
SDGRC,ECLAC_All countries,SDGRC_ECLAC_ALL,98300,Mexico,MEX,484
SDGRC,ECLAC_All countries,SDGRC_ECLAC_ALL,98300,Montserrat,MSR,500
SDGRC,ECLAC_All countries,SDGRC_ECLAC_ALL,98300,Nicaragua,NIC,558
SDGRC,ECLAC_All countries,SDGRC_ECLAC_ALL,98300,Panama,PAN,591
SDGRC,ECLAC_All countries,SDGRC_ECLAC_ALL,98300,Paraguay,PRY,600
SDGRC,ECLAC_All countries,SDGRC_ECLAC_ALL,98300,Peru,PER,604
SDGRC,ECLAC_All countries,SDGRC_ECLAC_ALL,98300,Puerto Rico,PRI,630
SDGRC,ECLAC_All countries,SDGRC_ECLAC_ALL,98300,Saint Barthélemy,BLM,652
SDGRC,ECLAC_All countries,SDGRC_ECLAC_ALL,98300,Saint Kitts and Nevis,KNA,659
SDGRC,ECLAC_All countries,SDGRC_ECLAC_ALL,98300,Saint Lucia,LCA,662
SDGRC,ECLAC_All countries,SDGRC_ECLAC_ALL,98300,Saint Martin (French part),MAF,663
SDGRC,ECLAC_All countries,SDGRC_ECLAC_ALL,98300,Saint Vincent and the Grenadines,VCT,670
SDGRC,ECLAC_All countries,SDGRC_ECLAC_ALL,98300,Sint Maarten,SXM,534
SDGRC,ECLAC_All countries,SDGRC_ECLAC_ALL,98300,South Georgia and the South Sandwich Islands,SGS,
SDGRC,ECLAC_All countries,SDGRC_ECLAC_ALL,98300,Suriname,SUR,740
SDGRC,ECLAC_All countries,SDGRC_ECLAC_ALL,98300,Trinidad and Tobago,TTO,780
SDGRC,ECLAC_All countries,SDGRC_ECLAC_ALL,98300,Turks and Caicos Islands,TCA,796
SDGRC,ECLAC_All countries,SDGRC_ECLAC_ALL,98300,Uruguay,URY,858
SDGRC,ECLAC_All countries,SDGRC_ECLAC_ALL,98300,Venezuela (Bolivarian Republic of),VEN,862
SDGRC,ECLAC_All countries,SDGRC_ECLAC_ALL,98300,Virgin Islands U.S.,VIR,850
SDGRC,ECLAC_Carribean,SDGRC_ECLAC_CARIBBEAN,98301,Anguilla,AIA,660
SDGRC,ECLAC_Carribean,SDGRC_ECLAC_CARIBBEAN,98301,Antigua and Barbuda,ATG,28
SDGRC,ECLAC_Carribean,SDGRC_ECLAC_CARIBBEAN,98301,Aruba,ABW,533
SDGRC,ECLAC_Carribean,SDGRC_ECLAC_CARIBBEAN,98301,Bahamas,BHS,44
SDGRC,ECLAC_Carribean,SDGRC_ECLAC_CARIBBEAN,98301,Barbados,BRB,52
SDGRC,ECLAC_Carribean,SDGRC_ECLAC_CARIBBEAN,98301,Belize,BLZ,84
SDGRC,ECLAC_Carribean,SDGRC_ECLAC_CARIBBEAN,98301,"Bonaire, Sint Eustatius and Saba",BES,535
SDGRC,ECLAC_Carribean,SDGRC_ECLAC_CARIBBEAN,98301,British Virgin Islands,VGB,92
SDGRC,ECLAC_Carribean,SDGRC_ECLAC_CARIBBEAN,98301,Cayman Islands,CYM,136
SDGRC,ECLAC_Carribean,SDGRC_ECLAC_CARIBBEAN,98301,Curaçao,CUW,531
SDGRC,ECLAC_Carribean,SDGRC_ECLAC_CARIBBEAN,98301,Dominica,DMA,212
SDGRC,ECLAC_Carribean,SDGRC_ECLAC_CARIBBEAN,98301,French Guiana,GUF,254
SDGRC,ECLAC_Carribean,SDGRC_ECLAC_CARIBBEAN,98301,Grenada,GRD,308
SDGRC,ECLAC_Carribean,SDGRC_ECLAC_CARIBBEAN,98301,Guadeloupe,GLP,312
SDGRC,ECLAC_Carribean,SDGRC_ECLAC_CARIBBEAN,98301,Guyana,GUY,328
SDGRC,ECLAC_Carribean,SDGRC_ECLAC_CARIBBEAN,98301,Jamaica,JAM,388
SDGRC,ECLAC_Carribean,SDGRC_ECLAC_CARIBBEAN,98301,Martinique,MTQ,474
SDGRC,ECLAC_Carribean,SDGRC_ECLAC_CARIBBEAN,98301,Montserrat,MSR,500
SDGRC,ECLAC_Carribean,SDGRC_ECLAC_CARIBBEAN,98301,Puerto Rico,PRI,630
SDGRC,ECLAC_Carribean,SDGRC_ECLAC_CARIBBEAN,98301,Saint Barthélemy,BLM,652
SDGRC,ECLAC_Carribean,SDGRC_ECLAC_CARIBBEAN,98301,Saint Kitts and Nevis,KNA,659
SDGRC,ECLAC_Carribean,SDGRC_ECLAC_CARIBBEAN,98301,Saint Lucia,LCA,662
SDGRC,ECLAC_Carribean,SDGRC_ECLAC_CARIBBEAN,98301,Saint Martin (French part),MAF,663
SDGRC,ECLAC_Carribean,SDGRC_ECLAC_CARIBBEAN,98301,Saint Vincent and the Grenadines,VCT,670
SDGRC,ECLAC_Carribean,SDGRC_ECLAC_CARIBBEAN,98301,Sint Maarten,SXM,534
SDGRC,ECLAC_Carribean,SDGRC_ECLAC_CARIBBEAN,98301,Suriname,SUR,740
SDGRC,ECLAC_Carribean,SDGRC_ECLAC_CARIBBEAN,98301,Trinidad and Tobago,TTO,780
SDGRC,ECLAC_Carribean,SDGRC_ECLAC_CARIBBEAN,98301,Turks and Caicos Islands,TCA,796
SDGRC,ECLAC_Carribean,SDGRC_ECLAC_CARIBBEAN,98301,Virgin Islands U.S.,VIR,850
SDGRC,ECLAC_Latin America,SDGRC_ECLAC_LA,98302,Argentina,ARG,32
SDGRC,ECLAC_Latin America,SDGRC_ECLAC_LA,98302,Bolivia (Plurinational State of),BOL,68
SDGRC,ECLAC_Latin America,SDGRC_ECLAC_LA,98302,Brazil,BRA,76
SDGRC,ECLAC_Latin America,SDGRC_ECLAC_LA,98302,Chile,CHL,152
SDGRC,ECLAC_Latin America,SDGRC_ECLAC_LA,98302,Colombia,COL,170
SDGRC,ECLAC_Latin America,SDGRC_ECLAC_LA,98302,Costa Rica,CRI,188
SDGRC,ECLAC_Latin America,SDGRC_ECLAC_LA,98302,Cuba,CUB,192
SDGRC,ECLAC_Latin America,SDGRC_ECLAC_LA,98302,Dominican Republic,DOM,214
SDGRC,ECLAC_Latin America,SDGRC_ECLAC_LA,98302,Ecuador,ECU,218
SDGRC,ECLAC_Latin America,SDGRC_ECLAC_LA,98302,El Salvador,SLV,222
SDGRC,ECLAC_Latin America,SDGRC_ECLAC_LA,98302,Guatemala,GTM,320
SDGRC,ECLAC_Latin America,SDGRC_ECLAC_LA,98302,Haiti,HTI,332
SDGRC,ECLAC_Latin America,SDGRC_ECLAC_LA,98302,Honduras,HND,340
SDGRC,ECLAC_Latin America,SDGRC_ECLAC_LA,98302,Mexico,MEX,484
SDGRC,ECLAC_Latin America,SDGRC_ECLAC_LA,98302,Nicaragua,NIC,558
SDGRC,ECLAC_Latin America,SDGRC_ECLAC_LA,98302,Panama,PAN,591
SDGRC,ECLAC_Latin America,SDGRC_ECLAC_LA,98302,Paraguay,PRY,600
SDGRC,ECLAC_Latin America,SDGRC_ECLAC_LA,98302,Peru,PER,604
SDGRC,ECLAC_Latin America,SDGRC_ECLAC_LA,98302,South Georgia and the South Sandwich Islands,SGS,
SDGRC,ECLAC_Latin America,SDGRC_ECLAC_LA,98302,Uruguay,URY,858
SDGRC,ECLAC_Latin America,SDGRC_ECLAC_LA,98302,Venezuela (Bolivarian Republic of),VEN,862
SDGRC,ESCAP_ASEAN (ASEAN),SDGRC_ESCAP_ASEAN,98406,Brunei Darussalam,BRN,96
SDGRC,ESCAP_ASEAN (ASEAN),SDGRC_ESCAP_ASEAN,98406,Cambodia,KHM,116
SDGRC,ESCAP_ASEAN (ASEAN),SDGRC_ESCAP_ASEAN,98406,Indonesia,IDN,360
SDGRC,ESCAP_ASEAN (ASEAN),SDGRC_ESCAP_ASEAN,98406,Lao People's Democratic Republic,LAO,418
SDGRC,ESCAP_ASEAN (ASEAN),SDGRC_ESCAP_ASEAN,98406,Malaysia,MYS,458
SDGRC,ESCAP_ASEAN (ASEAN),SDGRC_ESCAP_ASEAN,98406,Myanmar,MMR,104
SDGRC,ESCAP_ASEAN (ASEAN),SDGRC_ESCAP_ASEAN,98406,Philippines,PHL,608
SDGRC,ESCAP_ASEAN (ASEAN),SDGRC_ESCAP_ASEAN,98406,Singapore,SGP,702
SDGRC,ESCAP_ASEAN (ASEAN),SDGRC_ESCAP_ASEAN,98406,Thailand,THA,764
SDGRC,ESCAP_ASEAN (ASEAN),SDGRC_ESCAP_ASEAN,98406,Timor-Leste,TLS,626
SDGRC,ESCAP_ASEAN (ASEAN),SDGRC_ESCAP_ASEAN,98406,Viet Nam,VNM,704
SDGRC,ESCAP_All countries,SDGRC_ESCAP_ALL,98400,Afghanistan,AFG,4
SDGRC,ESCAP_All countries,SDGRC_ESCAP_ALL,98400,American Samoa,ASM,16
SDGRC,ESCAP_All countries,SDGRC_ESCAP_ALL,98400,Armenia,ARM,51
SDGRC,ESCAP_All countries,SDGRC_ESCAP_ALL,98400,Australia,AUS,36
SDGRC,ESCAP_All countries,SDGRC_ESCAP_ALL,98400,Azerbaijan,AZE,31
SDGRC,ESCAP_All countries,SDGRC_ESCAP_ALL,98400,Bangladesh,BGD,50
SDGRC,ESCAP_All countries,SDGRC_ESCAP_ALL,98400,Bhutan,BTN,64
SDGRC,ESCAP_All countries,SDGRC_ESCAP_ALL,98400,Brunei Darussalam,BRN,96
SDGRC,ESCAP_All countries,SDGRC_ESCAP_ALL,98400,Cambodia,KHM,116
SDGRC,ESCAP_All countries,SDGRC_ESCAP_ALL,98400,China,CHN,156
SDGRC,ESCAP_All countries,SDGRC_ESCAP_ALL,98400,"China, Hong Kong Special Administrative Region",HKG,344
SDGRC,ESCAP_All countries,SDGRC_ESCAP_ALL,98400,"China, Macao Special Administrative Region",MAC,446
SDGRC,ESCAP_All countries,SDGRC_ESCAP_ALL,98400,Cook Islands,COK,184
SDGRC,ESCAP_All countries,SDGRC_ESCAP_ALL,98400,Democratic People's Republic of Korea,PRK,408
SDGRC,ESCAP_All countries,SDGRC_ESCAP_ALL,98400,Fiji,FJI,242
SDGRC,ESCAP_All countries,SDGRC_ESCAP_ALL,98400,French Polynesia,PYF,258
SDGRC,ESCAP_All countries,SDGRC_ESCAP_ALL,98400,Georgia,GEO,268
SDGRC,ESCAP_All countries,SDGRC_ESCAP_ALL,98400,Guam,GUM,316
SDGRC,ESCAP_All countries,SDGRC_ESCAP_ALL,98400,India,IND,356
SDGRC,ESCAP_All countries,SDGRC_ESCAP_ALL,98400,Indonesia,IDN,360
SDGRC,ESCAP_All countries,SDGRC_ESCAP_ALL,98400,Iran (Islamic Republic of),IRN,364
SDGRC,ESCAP_All countries,SDGRC_ESCAP_ALL,98400,Japan,JPN,392
SDGRC,ESCAP_All countries,SDGRC_ESCAP_ALL,98400,Kazakhstan,KAZ,398
SDGRC,ESCAP_All countries,SDGRC_ESCAP_ALL,98400,Kiribati,KIR,296
SDGRC,ESCAP_All countries,SDGRC_ESCAP_ALL,98400,Kyrgyzstan,KGZ,417
SDGRC,ESCAP_All countries,SDGRC_ESCAP_ALL,98400,Lao People's Democratic Republic,LAO,418
SDGRC,ESCAP_All countries,SDGRC_ESCAP_ALL,98400,Malaysia,MYS,458
SDGRC,ESCAP_All countries,SDGRC_ESCAP_ALL,98400,Maldives,MDV,462
SDGRC,ESCAP_All countries,SDGRC_ESCAP_ALL,98400,Marshall Islands,MHL,584
SDGRC,ESCAP_All countries,SDGRC_ESCAP_ALL,98400,Micronesia (Federated States of),FSM,583
SDGRC,ESCAP_All countries,SDGRC_ESCAP_ALL,98400,Mongolia,MNG,496
SDGRC,ESCAP_All countries,SDGRC_ESCAP_ALL,98400,Myanmar,MMR,104
SDGRC,ESCAP_All countries,SDGRC_ESCAP_ALL,98400,Nauru,NRU,520
SDGRC,ESCAP_All countries,SDGRC_ESCAP_ALL,98400,Nepal,NPL,524
SDGRC,ESCAP_All countries,SDGRC_ESCAP_ALL,98400,New Caledonia,NCL,540
SDGRC,ESCAP_All countries,SDGRC_ESCAP_ALL,98400,New Zealand,NZL,554
SDGRC,ESCAP_All countries,SDGRC_ESCAP_ALL,98400,Niue,NIU,570
SDGRC,ESCAP_All countries,SDGRC_ESCAP_ALL,98400,Northern Mariana Islands,MNP,580
SDGRC,ESCAP_All countries,SDGRC_ESCAP_ALL,98400,Pakistan,PAK,586
SDGRC,ESCAP_All countries,SDGRC_ESCAP_ALL,98400,Palau,PLW,585
SDGRC,ESCAP_All countries,SDGRC_ESCAP_ALL,98400,Papua New Guinea,PNG,598
SDGRC,ESCAP_All countries,SDGRC_ESCAP_ALL,98400,Philippines,PHL,608
SDGRC,ESCAP_All countries,SDGRC_ESCAP_ALL,98400,Republic of Korea,KOR,410
SDGRC,ESCAP_All countries,SDGRC_ESCAP_ALL,98400,Russian Federation,RUS,643
SDGRC,ESCAP_All countries,SDGRC_ESCAP_ALL,98400,Samoa,WSM,882
SDGRC,ESCAP_All countries,SDGRC_ESCAP_ALL,98400,Singapore,SGP,702
SDGRC,ESCAP_All countries,SDGRC_ESCAP_ALL,98400,Solomon Islands,SLB,90
SDGRC,ESCAP_All countries,SDGRC_ESCAP_ALL,98400,Sri Lanka,LKA,144
SDGRC,ESCAP_All countries,SDGRC_ESCAP_ALL,98400,Tajikistan,TJK,762
SDGRC,ESCAP_All countries,SDGRC_ESCAP_ALL,98400,Thailand,THA,764
SDGRC,ESCAP_All countries,SDGRC_ESCAP_ALL,98400,Timor-Leste,TLS,626
SDGRC,ESCAP_All countries,SDGRC_ESCAP_ALL,98400,Tonga,TON,776
SDGRC,ESCAP_All countries,SDGRC_ESCAP_ALL,98400,Turkmenistan,TKM,795
SDGRC,ESCAP_All countries,SDGRC_ESCAP_ALL,98400,Tuvalu,TUV,798
SDGRC,ESCAP_All countries,SDGRC_ESCAP_ALL,98400,Türkiye,TUR,792
SDGRC,ESCAP_All countries,SDGRC_ESCAP_ALL,98400,Uzbekistan,UZB,860
SDGRC,ESCAP_All countries,SDGRC_ESCAP_ALL,98400,Vanuatu,VUT,548
SDGRC,ESCAP_All countries,SDGRC_ESCAP_ALL,98400,Viet Nam,VNM,704
SDGRC,ESCAP_Countries with Special Needs,SDGRC_ESCAP_CSN,98434,Afghanistan,AFG,4
SDGRC,ESCAP_Countries with Special Needs,SDGRC_ESCAP_CSN,98434,American Samoa,ASM,16
SDGRC,ESCAP_Countries with Special Needs,SDGRC_ESCAP_CSN,98434,Armenia,ARM,51
SDGRC,ESCAP_Countries with Special Needs,SDGRC_ESCAP_CSN,98434,Azerbaijan,AZE,31
SDGRC,ESCAP_Countries with Special Needs,SDGRC_ESCAP_CSN,98434,Bangladesh,BGD,50
SDGRC,ESCAP_Countries with Special Needs,SDGRC_ESCAP_CSN,98434,Bhutan,BTN,64
SDGRC,ESCAP_Countries with Special Needs,SDGRC_ESCAP_CSN,98434,Cambodia,KHM,116
SDGRC,ESCAP_Countries with Special Needs,SDGRC_ESCAP_CSN,98434,Cook Islands,COK,184
SDGRC,ESCAP_Countries with Special Needs,SDGRC_ESCAP_CSN,98434,Fiji,FJI,242
SDGRC,ESCAP_Countries with Special Needs,SDGRC_ESCAP_CSN,98434,French Polynesia,PYF,258
SDGRC,ESCAP_Countries with Special Needs,SDGRC_ESCAP_CSN,98434,Guam,GUM,316
SDGRC,ESCAP_Countries with Special Needs,SDGRC_ESCAP_CSN,98434,Kazakhstan,KAZ,398
SDGRC,ESCAP_Countries with Special Needs,SDGRC_ESCAP_CSN,98434,Kiribati,KIR,296
SDGRC,ESCAP_Countries with Special Needs,SDGRC_ESCAP_CSN,98434,Kyrgyzstan,KGZ,417
SDGRC,ESCAP_Countries with Special Needs,SDGRC_ESCAP_CSN,98434,Lao People's Democratic Republic,LAO,418
SDGRC,ESCAP_Countries with Special Needs,SDGRC_ESCAP_CSN,98434,Maldives,MDV,462
SDGRC,ESCAP_Countries with Special Needs,SDGRC_ESCAP_CSN,98434,Marshall Islands,MHL,584
SDGRC,ESCAP_Countries with Special Needs,SDGRC_ESCAP_CSN,98434,Micronesia (Federated States of),FSM,583
SDGRC,ESCAP_Countries with Special Needs,SDGRC_ESCAP_CSN,98434,Mongolia,MNG,496
SDGRC,ESCAP_Countries with Special Needs,SDGRC_ESCAP_CSN,98434,Myanmar,MMR,104
SDGRC,ESCAP_Countries with Special Needs,SDGRC_ESCAP_CSN,98434,Nauru,NRU,520
SDGRC,ESCAP_Countries with Special Needs,SDGRC_ESCAP_CSN,98434,Nepal,NPL,524
SDGRC,ESCAP_Countries with Special Needs,SDGRC_ESCAP_CSN,98434,New Caledonia,NCL,540
SDGRC,ESCAP_Countries with Special Needs,SDGRC_ESCAP_CSN,98434,Niue,NIU,570
SDGRC,ESCAP_Countries with Special Needs,SDGRC_ESCAP_CSN,98434,Northern Mariana Islands,MNP,580
SDGRC,ESCAP_Countries with Special Needs,SDGRC_ESCAP_CSN,98434,Palau,PLW,585
SDGRC,ESCAP_Countries with Special Needs,SDGRC_ESCAP_CSN,98434,Papua New Guinea,PNG,598
SDGRC,ESCAP_Countries with Special Needs,SDGRC_ESCAP_CSN,98434,Samoa,WSM,882
SDGRC,ESCAP_Countries with Special Needs,SDGRC_ESCAP_CSN,98434,Singapore,SGP,702
SDGRC,ESCAP_Countries with Special Needs,SDGRC_ESCAP_CSN,98434,Solomon Islands,SLB,90
SDGRC,ESCAP_Countries with Special Needs,SDGRC_ESCAP_CSN,98434,Tajikistan,TJK,762
SDGRC,ESCAP_Countries with Special Needs,SDGRC_ESCAP_CSN,98434,Timor-Leste,TLS,626
SDGRC,ESCAP_Countries with Special Needs,SDGRC_ESCAP_CSN,98434,Tonga,TON,776
SDGRC,ESCAP_Countries with Special Needs,SDGRC_ESCAP_CSN,98434,Turkmenistan,TKM,795
SDGRC,ESCAP_Countries with Special Needs,SDGRC_ESCAP_CSN,98434,Tuvalu,TUV,798
SDGRC,ESCAP_Countries with Special Needs,SDGRC_ESCAP_CSN,98434,Uzbekistan,UZB,860
SDGRC,ESCAP_Countries with Special Needs,SDGRC_ESCAP_CSN,98434,Vanuatu,VUT,548
SDGRC,ESCAP_East and North-East Asia (ENEA),SDGRC_ESCAP_ENEA,98408,China,CHN,156
SDGRC,ESCAP_East and North-East Asia (ENEA),SDGRC_ESCAP_ENEA,98408,"China, Hong Kong Special Administrative Region",HKG,344
SDGRC,ESCAP_East and North-East Asia (ENEA),SDGRC_ESCAP_ENEA,98408,"China, Macao Special Administrative Region",MAC,446
SDGRC,ESCAP_East and North-East Asia (ENEA),SDGRC_ESCAP_ENEA,98408,Democratic People's Republic of Korea,PRK,408
SDGRC,ESCAP_East and North-East Asia (ENEA),SDGRC_ESCAP_ENEA,98408,Japan,JPN,392
SDGRC,ESCAP_East and North-East Asia (ENEA),SDGRC_ESCAP_ENEA,98408,Mongolia,MNG,496
SDGRC,ESCAP_East and North-East Asia (ENEA),SDGRC_ESCAP_ENEA,98408,Republic of Korea,KOR,410
SDGRC,ESCAP_LDC (LDC_E),SDGRC_ESCAP_LDC,98411,Afghanistan,AFG,4
SDGRC,ESCAP_LDC (LDC_E),SDGRC_ESCAP_LDC,98411,Bangladesh,BGD,50
SDGRC,ESCAP_LDC (LDC_E),SDGRC_ESCAP_LDC,98411,Cambodia,KHM,116
SDGRC,ESCAP_LDC (LDC_E),SDGRC_ESCAP_LDC,98411,Kiribati,KIR,296
SDGRC,ESCAP_LDC (LDC_E),SDGRC_ESCAP_LDC,98411,Lao People's Democratic Republic,LAO,418
SDGRC,ESCAP_LDC (LDC_E),SDGRC_ESCAP_LDC,98411,Myanmar,MMR,104
SDGRC,ESCAP_LDC (LDC_E),SDGRC_ESCAP_LDC,98411,Nepal,NPL,524
SDGRC,ESCAP_LDC (LDC_E),SDGRC_ESCAP_LDC,98411,Solomon Islands,SLB,90
SDGRC,ESCAP_LDC (LDC_E),SDGRC_ESCAP_LDC,98411,Timor-Leste,TLS,626
SDGRC,ESCAP_LDC (LDC_E),SDGRC_ESCAP_LDC,98411,Tuvalu,TUV,798
SDGRC,ESCAP_LLDC (LLDC_E),SDGRC_ESCAP_LLDC,98412,Afghanistan,AFG,4
SDGRC,ESCAP_LLDC (LLDC_E),SDGRC_ESCAP_LLDC,98412,Armenia,ARM,51
SDGRC,ESCAP_LLDC (LLDC_E),SDGRC_ESCAP_LLDC,98412,Azerbaijan,AZE,31
SDGRC,ESCAP_LLDC (LLDC_E),SDGRC_ESCAP_LLDC,98412,Bhutan,BTN,64
SDGRC,ESCAP_LLDC (LLDC_E),SDGRC_ESCAP_LLDC,98412,Kazakhstan,KAZ,398
SDGRC,ESCAP_LLDC (LLDC_E),SDGRC_ESCAP_LLDC,98412,Kyrgyzstan,KGZ,417
SDGRC,ESCAP_LLDC (LLDC_E),SDGRC_ESCAP_LLDC,98412,Lao People's Democratic Republic,LAO,418
SDGRC,ESCAP_LLDC (LLDC_E),SDGRC_ESCAP_LLDC,98412,Mongolia,MNG,496
SDGRC,ESCAP_LLDC (LLDC_E),SDGRC_ESCAP_LLDC,98412,Nepal,NPL,524
SDGRC,ESCAP_LLDC (LLDC_E),SDGRC_ESCAP_LLDC,98412,Tajikistan,TJK,762
SDGRC,ESCAP_LLDC (LLDC_E),SDGRC_ESCAP_LLDC,98412,Turkmenistan,TKM,795
SDGRC,ESCAP_LLDC (LLDC_E),SDGRC_ESCAP_LLDC,98412,Uzbekistan,UZB,860
SDGRC,ESCAP_North and Central Asia (NCA),SDGRC_ESCAP_NCA,98417,Armenia,ARM,51
SDGRC,ESCAP_North and Central Asia (NCA),SDGRC_ESCAP_NCA,98417,Azerbaijan,AZE,31
SDGRC,ESCAP_North and Central Asia (NCA),SDGRC_ESCAP_NCA,98417,Georgia,GEO,268
SDGRC,ESCAP_North and Central Asia (NCA),SDGRC_ESCAP_NCA,98417,Kazakhstan,KAZ,398
SDGRC,ESCAP_North and Central Asia (NCA),SDGRC_ESCAP_NCA,98417,Kyrgyzstan,KGZ,417
SDGRC,ESCAP_North and Central Asia (NCA),SDGRC_ESCAP_NCA,98417,Russian Federation,RUS,643
SDGRC,ESCAP_North and Central Asia (NCA),SDGRC_ESCAP_NCA,98417,Tajikistan,TJK,762
SDGRC,ESCAP_North and Central Asia (NCA),SDGRC_ESCAP_NCA,98417,Turkmenistan,TKM,795
SDGRC,ESCAP_North and Central Asia (NCA),SDGRC_ESCAP_NCA,98417,Uzbekistan,UZB,860
SDGRC,ESCAP_Other Area (OTH_REGION),SDGRC_ESCAP_OTHER_AREA,98426,Antarctica,ATA,
SDGRC,ESCAP_Other Area (OTH_REGION),SDGRC_ESCAP_OTHER_AREA,98426,Bahrain,BHR,48
SDGRC,ESCAP_Other Area (OTH_REGION),SDGRC_ESCAP_OTHER_AREA,98426,Bouvet Island,BVT,
SDGRC,ESCAP_Other Area (OTH_REGION),SDGRC_ESCAP_OTHER_AREA,98426,British Indian Ocean Territory,IOT,
SDGRC,ESCAP_Other Area (OTH_REGION),SDGRC_ESCAP_OTHER_AREA,98426,Christmas Island,CXR,
SDGRC,ESCAP_Other Area (OTH_REGION),SDGRC_ESCAP_OTHER_AREA,98426,Cocos (Keeling) Islands,CCK,
SDGRC,ESCAP_Other Area (OTH_REGION),SDGRC_ESCAP_OTHER_AREA,98426,French Southern Territories,ATF,
SDGRC,ESCAP_Other Area (OTH_REGION),SDGRC_ESCAP_OTHER_AREA,98426,Heard Island and McDonald Islands,HMD,
SDGRC,ESCAP_Other Area (OTH_REGION),SDGRC_ESCAP_OTHER_AREA,98426,Iraq,IRQ,368
SDGRC,ESCAP_Other Area (OTH_REGION),SDGRC_ESCAP_OTHER_AREA,98426,Israel,ISR,376
SDGRC,ESCAP_Other Area (OTH_REGION),SDGRC_ESCAP_OTHER_AREA,98426,Jordan,JOR,400
SDGRC,ESCAP_Other Area (OTH_REGION),SDGRC_ESCAP_OTHER_AREA,98426,Kuwait,KWT,414
SDGRC,ESCAP_Other Area (OTH_REGION),SDGRC_ESCAP_OTHER_AREA,98426,Lebanon,LBN,422
SDGRC,ESCAP_Other Area (OTH_REGION),SDGRC_ESCAP_OTHER_AREA,98426,Norfolk Island,NFK,
SDGRC,ESCAP_Other Area (OTH_REGION),SDGRC_ESCAP_OTHER_AREA,98426,Oman,OMN,512
SDGRC,ESCAP_Other Area (OTH_REGION),SDGRC_ESCAP_OTHER_AREA,98426,Pitcairn,PCN,
SDGRC,ESCAP_Other Area (OTH_REGION),SDGRC_ESCAP_OTHER_AREA,98426,Qatar,QAT,634
SDGRC,ESCAP_Other Area (OTH_REGION),SDGRC_ESCAP_OTHER_AREA,98426,Saudi Arabia,SAU,682
SDGRC,ESCAP_Other Area (OTH_REGION),SDGRC_ESCAP_OTHER_AREA,98426,South Georgia and the South Sandwich Islands,SGS,
SDGRC,ESCAP_Other Area (OTH_REGION),SDGRC_ESCAP_OTHER_AREA,98426,State of Palestine,PSE,275
SDGRC,ESCAP_Other Area (OTH_REGION),SDGRC_ESCAP_OTHER_AREA,98426,Syrian Arab Republic,SYR,760
SDGRC,ESCAP_Other Area (OTH_REGION),SDGRC_ESCAP_OTHER_AREA,98426,Tokelau,TKL,772
SDGRC,ESCAP_Other Area (OTH_REGION),SDGRC_ESCAP_OTHER_AREA,98426,United Arab Emirates,ARE,784
SDGRC,ESCAP_Other Area (OTH_REGION),SDGRC_ESCAP_OTHER_AREA,98426,United States Minor Outlying Islands,UMI,
SDGRC,ESCAP_Other Area (OTH_REGION),SDGRC_ESCAP_OTHER_AREA,98426,Wallis and Futuna,WLF,876
SDGRC,ESCAP_Other Area (OTH_REGION),SDGRC_ESCAP_OTHER_AREA,98426,Yemen,YEM,887
SDGRC,ESCAP_PACIFIC (PAC),SDGRC_ESCAP_PACIFIC,98418,American Samoa,ASM,16
SDGRC,ESCAP_PACIFIC (PAC),SDGRC_ESCAP_PACIFIC,98418,Australia,AUS,36
SDGRC,ESCAP_PACIFIC (PAC),SDGRC_ESCAP_PACIFIC,98418,Cook Islands,COK,184
SDGRC,ESCAP_PACIFIC (PAC),SDGRC_ESCAP_PACIFIC,98418,Fiji,FJI,242
SDGRC,ESCAP_PACIFIC (PAC),SDGRC_ESCAP_PACIFIC,98418,French Polynesia,PYF,258
SDGRC,ESCAP_PACIFIC (PAC),SDGRC_ESCAP_PACIFIC,98418,Guam,GUM,316
SDGRC,ESCAP_PACIFIC (PAC),SDGRC_ESCAP_PACIFIC,98418,Kiribati,KIR,296
SDGRC,ESCAP_PACIFIC (PAC),SDGRC_ESCAP_PACIFIC,98418,Marshall Islands,MHL,584
SDGRC,ESCAP_PACIFIC (PAC),SDGRC_ESCAP_PACIFIC,98418,Micronesia (Federated States of),FSM,583
SDGRC,ESCAP_PACIFIC (PAC),SDGRC_ESCAP_PACIFIC,98418,Nauru,NRU,520
SDGRC,ESCAP_PACIFIC (PAC),SDGRC_ESCAP_PACIFIC,98418,New Caledonia,NCL,540
SDGRC,ESCAP_PACIFIC (PAC),SDGRC_ESCAP_PACIFIC,98418,New Zealand,NZL,554
SDGRC,ESCAP_PACIFIC (PAC),SDGRC_ESCAP_PACIFIC,98418,Niue,NIU,570
SDGRC,ESCAP_PACIFIC (PAC),SDGRC_ESCAP_PACIFIC,98418,Northern Mariana Islands,MNP,580
SDGRC,ESCAP_PACIFIC (PAC),SDGRC_ESCAP_PACIFIC,98418,Palau,PLW,585
SDGRC,ESCAP_PACIFIC (PAC),SDGRC_ESCAP_PACIFIC,98418,Papua New Guinea,PNG,598
SDGRC,ESCAP_PACIFIC (PAC),SDGRC_ESCAP_PACIFIC,98418,Samoa,WSM,882
SDGRC,ESCAP_PACIFIC (PAC),SDGRC_ESCAP_PACIFIC,98418,Solomon Islands,SLB,90
SDGRC,ESCAP_PACIFIC (PAC),SDGRC_ESCAP_PACIFIC,98418,Tonga,TON,776
SDGRC,ESCAP_PACIFIC (PAC),SDGRC_ESCAP_PACIFIC,98418,Tuvalu,TUV,798
SDGRC,ESCAP_PACIFIC (PAC),SDGRC_ESCAP_PACIFIC,98418,Vanuatu,VUT,548
SDGRC,ESCAP_Pacific island developing economies (PIDE),SDGRC_ESCAP_PIDE,98427,American Samoa,ASM,16
SDGRC,ESCAP_Pacific island developing economies (PIDE),SDGRC_ESCAP_PIDE,98427,Cook Islands,COK,184
SDGRC,ESCAP_Pacific island developing economies (PIDE),SDGRC_ESCAP_PIDE,98427,Fiji,FJI,242
SDGRC,ESCAP_Pacific island developing economies (PIDE),SDGRC_ESCAP_PIDE,98427,French Polynesia,PYF,258
SDGRC,ESCAP_Pacific island developing economies (PIDE),SDGRC_ESCAP_PIDE,98427,Guam,GUM,316
SDGRC,ESCAP_Pacific island developing economies (PIDE),SDGRC_ESCAP_PIDE,98427,Kiribati,KIR,296
SDGRC,ESCAP_Pacific island developing economies (PIDE),SDGRC_ESCAP_PIDE,98427,Marshall Islands,MHL,584
SDGRC,ESCAP_Pacific island developing economies (PIDE),SDGRC_ESCAP_PIDE,98427,Micronesia (Federated States of),FSM,583
SDGRC,ESCAP_Pacific island developing economies (PIDE),SDGRC_ESCAP_PIDE,98427,Nauru,NRU,520
SDGRC,ESCAP_Pacific island developing economies (PIDE),SDGRC_ESCAP_PIDE,98427,New Caledonia,NCL,540
SDGRC,ESCAP_Pacific island developing economies (PIDE),SDGRC_ESCAP_PIDE,98427,Niue,NIU,570
SDGRC,ESCAP_Pacific island developing economies (PIDE),SDGRC_ESCAP_PIDE,98427,Northern Mariana Islands,MNP,580
SDGRC,ESCAP_Pacific island developing economies (PIDE),SDGRC_ESCAP_PIDE,98427,Palau,PLW,585
SDGRC,ESCAP_Pacific island developing economies (PIDE),SDGRC_ESCAP_PIDE,98427,Papua New Guinea,PNG,598
SDGRC,ESCAP_Pacific island developing economies (PIDE),SDGRC_ESCAP_PIDE,98427,Samoa,WSM,882
SDGRC,ESCAP_Pacific island developing economies (PIDE),SDGRC_ESCAP_PIDE,98427,Solomon Islands,SLB,90
SDGRC,ESCAP_Pacific island developing economies (PIDE),SDGRC_ESCAP_PIDE,98427,Tonga,TON,776
SDGRC,ESCAP_Pacific island developing economies (PIDE),SDGRC_ESCAP_PIDE,98427,Tuvalu,TUV,798
SDGRC,ESCAP_Pacific island developing economies (PIDE),SDGRC_ESCAP_PIDE,98427,Vanuatu,VUT,548
SDGRC,ESCAP_SAARC (SAARC),SDGRC_ESCAP_SAARC,98428,Afghanistan,AFG,4
SDGRC,ESCAP_SAARC (SAARC),SDGRC_ESCAP_SAARC,98428,Bangladesh,BGD,50
SDGRC,ESCAP_SAARC (SAARC),SDGRC_ESCAP_SAARC,98428,Bhutan,BTN,64
SDGRC,ESCAP_SAARC (SAARC),SDGRC_ESCAP_SAARC,98428,India,IND,356
SDGRC,ESCAP_SAARC (SAARC),SDGRC_ESCAP_SAARC,98428,Maldives,MDV,462
SDGRC,ESCAP_SAARC (SAARC),SDGRC_ESCAP_SAARC,98428,Nepal,NPL,524
SDGRC,ESCAP_SAARC (SAARC),SDGRC_ESCAP_SAARC,98428,Pakistan,PAK,586
SDGRC,ESCAP_SAARC (SAARC),SDGRC_ESCAP_SAARC,98428,Sri Lanka,LKA,144
SDGRC,ESCAP_Small Islands Developing States,SDGRC_ESCAP_SIDS,98435,American Samoa,ASM,16
SDGRC,ESCAP_Small Islands Developing States,SDGRC_ESCAP_SIDS,98435,Cook Islands,COK,184
SDGRC,ESCAP_Small Islands Developing States,SDGRC_ESCAP_SIDS,98435,Fiji,FJI,242
SDGRC,ESCAP_Small Islands Developing States,SDGRC_ESCAP_SIDS,98435,French Polynesia,PYF,258
SDGRC,ESCAP_Small Islands Developing States,SDGRC_ESCAP_SIDS,98435,Guam,GUM,316
SDGRC,ESCAP_Small Islands Developing States,SDGRC_ESCAP_SIDS,98435,Kiribati,KIR,296
SDGRC,ESCAP_Small Islands Developing States,SDGRC_ESCAP_SIDS,98435,Maldives,MDV,462
SDGRC,ESCAP_Small Islands Developing States,SDGRC_ESCAP_SIDS,98435,Marshall Islands,MHL,584
SDGRC,ESCAP_Small Islands Developing States,SDGRC_ESCAP_SIDS,98435,Micronesia (Federated States of),FSM,583
SDGRC,ESCAP_Small Islands Developing States,SDGRC_ESCAP_SIDS,98435,Nauru,NRU,520
SDGRC,ESCAP_Small Islands Developing States,SDGRC_ESCAP_SIDS,98435,New Caledonia,NCL,540
SDGRC,ESCAP_Small Islands Developing States,SDGRC_ESCAP_SIDS,98435,Niue,NIU,570
SDGRC,ESCAP_Small Islands Developing States,SDGRC_ESCAP_SIDS,98435,Northern Mariana Islands,MNP,580
SDGRC,ESCAP_Small Islands Developing States,SDGRC_ESCAP_SIDS,98435,Palau,PLW,585
SDGRC,ESCAP_Small Islands Developing States,SDGRC_ESCAP_SIDS,98435,Papua New Guinea,PNG,598
SDGRC,ESCAP_Small Islands Developing States,SDGRC_ESCAP_SIDS,98435,Samoa,WSM,882
SDGRC,ESCAP_Small Islands Developing States,SDGRC_ESCAP_SIDS,98435,Singapore,SGP,702
SDGRC,ESCAP_Small Islands Developing States,SDGRC_ESCAP_SIDS,98435,Solomon Islands,SLB,90
SDGRC,ESCAP_Small Islands Developing States,SDGRC_ESCAP_SIDS,98435,Timor-Leste,TLS,626
SDGRC,ESCAP_Small Islands Developing States,SDGRC_ESCAP_SIDS,98435,Tonga,TON,776
SDGRC,ESCAP_Small Islands Developing States,SDGRC_ESCAP_SIDS,98435,Tuvalu,TUV,798
SDGRC,ESCAP_Small Islands Developing States,SDGRC_ESCAP_SIDS,98435,Vanuatu,VUT,548
SDGRC,ESCAP_South and South-West Asia (SSWA),SDGRC_ESCAP_SSWA,98420,Afghanistan,AFG,4
SDGRC,ESCAP_South and South-West Asia (SSWA),SDGRC_ESCAP_SSWA,98420,Bangladesh,BGD,50
SDGRC,ESCAP_South and South-West Asia (SSWA),SDGRC_ESCAP_SSWA,98420,Bhutan,BTN,64
SDGRC,ESCAP_South and South-West Asia (SSWA),SDGRC_ESCAP_SSWA,98420,India,IND,356
SDGRC,ESCAP_South and South-West Asia (SSWA),SDGRC_ESCAP_SSWA,98420,Iran (Islamic Republic of),IRN,364
SDGRC,ESCAP_South and South-West Asia (SSWA),SDGRC_ESCAP_SSWA,98420,Maldives,MDV,462
SDGRC,ESCAP_South and South-West Asia (SSWA),SDGRC_ESCAP_SSWA,98420,Nepal,NPL,524
SDGRC,ESCAP_South and South-West Asia (SSWA),SDGRC_ESCAP_SSWA,98420,Pakistan,PAK,586
SDGRC,ESCAP_South and South-West Asia (SSWA),SDGRC_ESCAP_SSWA,98420,Sri Lanka,LKA,144
SDGRC,ESCAP_South and South-West Asia (SSWA),SDGRC_ESCAP_SSWA,98420,Türkiye,TUR,792
SDGRC,ESCAP_South-East Asia (SEA),SDGRC_ESCAP_SEA,98419,Brunei Darussalam,BRN,96
SDGRC,ESCAP_South-East Asia (SEA),SDGRC_ESCAP_SEA,98419,Cambodia,KHM,116
SDGRC,ESCAP_South-East Asia (SEA),SDGRC_ESCAP_SEA,98419,Indonesia,IDN,360
SDGRC,ESCAP_South-East Asia (SEA),SDGRC_ESCAP_SEA,98419,Lao People's Democratic Republic,LAO,418
SDGRC,ESCAP_South-East Asia (SEA),SDGRC_ESCAP_SEA,98419,Malaysia,MYS,458
SDGRC,ESCAP_South-East Asia (SEA),SDGRC_ESCAP_SEA,98419,Myanmar,MMR,104
SDGRC,ESCAP_South-East Asia (SEA),SDGRC_ESCAP_SEA,98419,Philippines,PHL,608
SDGRC,ESCAP_South-East Asia (SEA),SDGRC_ESCAP_SEA,98419,Singapore,SGP,702
SDGRC,ESCAP_South-East Asia (SEA),SDGRC_ESCAP_SEA,98419,Thailand,THA,764
SDGRC,ESCAP_South-East Asia (SEA),SDGRC_ESCAP_SEA,98419,Timor-Leste,TLS,626
SDGRC,ESCAP_South-East Asia (SEA),SDGRC_ESCAP_SEA,98419,Viet Nam,VNM,704
SDGRC,ESCAP_WB High Income Economies,SDGRC_ESCAP_WB_HIGH,98436,American Samoa,ASM,16
SDGRC,ESCAP_WB High Income Economies,SDGRC_ESCAP_WB_HIGH,98436,Australia,AUS,36
SDGRC,ESCAP_WB High Income Economies,SDGRC_ESCAP_WB_HIGH,98436,Brunei Darussalam,BRN,96
SDGRC,ESCAP_WB High Income Economies,SDGRC_ESCAP_WB_HIGH,98436,"China, Hong Kong Special Administrative Region",HKG,344
SDGRC,ESCAP_WB High Income Economies,SDGRC_ESCAP_WB_HIGH,98436,"China, Macao Special Administrative Region",MAC,446
SDGRC,ESCAP_WB High Income Economies,SDGRC_ESCAP_WB_HIGH,98436,French Polynesia,PYF,258
SDGRC,ESCAP_WB High Income Economies,SDGRC_ESCAP_WB_HIGH,98436,Guam,GUM,316
SDGRC,ESCAP_WB High Income Economies,SDGRC_ESCAP_WB_HIGH,98436,Japan,JPN,392
SDGRC,ESCAP_WB High Income Economies,SDGRC_ESCAP_WB_HIGH,98436,Nauru,NRU,520
SDGRC,ESCAP_WB High Income Economies,SDGRC_ESCAP_WB_HIGH,98436,New Caledonia,NCL,540
SDGRC,ESCAP_WB High Income Economies,SDGRC_ESCAP_WB_HIGH,98436,New Zealand,NZL,554
SDGRC,ESCAP_WB High Income Economies,SDGRC_ESCAP_WB_HIGH,98436,Northern Mariana Islands,MNP,580
SDGRC,ESCAP_WB High Income Economies,SDGRC_ESCAP_WB_HIGH,98436,Palau,PLW,585
SDGRC,ESCAP_WB High Income Economies,SDGRC_ESCAP_WB_HIGH,98436,Republic of Korea,KOR,410
SDGRC,ESCAP_WB High Income Economies,SDGRC_ESCAP_WB_HIGH,98436,Russian Federation,RUS,643
SDGRC,ESCAP_WB High Income Economies,SDGRC_ESCAP_WB_HIGH,98436,Singapore,SGP,702
SDGRC,ESCAP_WB Low Income Economies,SDGRC_ESCAP_WB_LOW,98439,Afghanistan,AFG,4
SDGRC,ESCAP_WB Low Income Economies,SDGRC_ESCAP_WB_LOW,98439,Democratic People's Republic of Korea,PRK,408
SDGRC,ESCAP_WB Lower Middle Income Economies,SDGRC_ESCAP_WB_LOWER_MID,98438,Bangladesh,BGD,50
SDGRC,ESCAP_WB Lower Middle Income Economies,SDGRC_ESCAP_WB_LOWER_MID,98438,Bhutan,BTN,64
SDGRC,ESCAP_WB Lower Middle Income Economies,SDGRC_ESCAP_WB_LOWER_MID,98438,Cambodia,KHM,116
SDGRC,ESCAP_WB Lower Middle Income Economies,SDGRC_ESCAP_WB_LOWER_MID,98438,India,IND,356
SDGRC,ESCAP_WB Lower Middle Income Economies,SDGRC_ESCAP_WB_LOWER_MID,98438,Kiribati,KIR,296
SDGRC,ESCAP_WB Lower Middle Income Economies,SDGRC_ESCAP_WB_LOWER_MID,98438,Kyrgyzstan,KGZ,417
SDGRC,ESCAP_WB Lower Middle Income Economies,SDGRC_ESCAP_WB_LOWER_MID,98438,Lao People's Democratic Republic,LAO,418
SDGRC,ESCAP_WB Lower Middle Income Economies,SDGRC_ESCAP_WB_LOWER_MID,98438,Micronesia (Federated States of),FSM,583
SDGRC,ESCAP_WB Lower Middle Income Economies,SDGRC_ESCAP_WB_LOWER_MID,98438,Myanmar,MMR,104
SDGRC,ESCAP_WB Lower Middle Income Economies,SDGRC_ESCAP_WB_LOWER_MID,98438,Nepal,NPL,524
SDGRC,ESCAP_WB Lower Middle Income Economies,SDGRC_ESCAP_WB_LOWER_MID,98438,Pakistan,PAK,586
SDGRC,ESCAP_WB Lower Middle Income Economies,SDGRC_ESCAP_WB_LOWER_MID,98438,Papua New Guinea,PNG,598
SDGRC,ESCAP_WB Lower Middle Income Economies,SDGRC_ESCAP_WB_LOWER_MID,98438,Philippines,PHL,608
SDGRC,ESCAP_WB Lower Middle Income Economies,SDGRC_ESCAP_WB_LOWER_MID,98438,Solomon Islands,SLB,90
SDGRC,ESCAP_WB Lower Middle Income Economies,SDGRC_ESCAP_WB_LOWER_MID,98438,Sri Lanka,LKA,144
SDGRC,ESCAP_WB Lower Middle Income Economies,SDGRC_ESCAP_WB_LOWER_MID,98438,Tajikistan,TJK,762
SDGRC,ESCAP_WB Lower Middle Income Economies,SDGRC_ESCAP_WB_LOWER_MID,98438,Timor-Leste,TLS,626
SDGRC,ESCAP_WB Lower Middle Income Economies,SDGRC_ESCAP_WB_LOWER_MID,98438,Uzbekistan,UZB,860
SDGRC,ESCAP_WB Lower Middle Income Economies,SDGRC_ESCAP_WB_LOWER_MID,98438,Vanuatu,VUT,548
SDGRC,ESCAP_WB Lower Middle Income Economies,SDGRC_ESCAP_WB_LOWER_MID,98438,Viet Nam,VNM,704
SDGRC,ESCAP_WB Upper Middle Income Economies,SDGRC_ESCAP_WB_UPPER_MID,98437,Armenia,ARM,51
SDGRC,ESCAP_WB Upper Middle Income Economies,SDGRC_ESCAP_WB_UPPER_MID,98437,Azerbaijan,AZE,31
SDGRC,ESCAP_WB Upper Middle Income Economies,SDGRC_ESCAP_WB_UPPER_MID,98437,China,CHN,156
SDGRC,ESCAP_WB Upper Middle Income Economies,SDGRC_ESCAP_WB_UPPER_MID,98437,Fiji,FJI,242
SDGRC,ESCAP_WB Upper Middle Income Economies,SDGRC_ESCAP_WB_UPPER_MID,98437,Georgia,GEO,268
SDGRC,ESCAP_WB Upper Middle Income Economies,SDGRC_ESCAP_WB_UPPER_MID,98437,Indonesia,IDN,360
SDGRC,ESCAP_WB Upper Middle Income Economies,SDGRC_ESCAP_WB_UPPER_MID,98437,Iran (Islamic Republic of),IRN,364
SDGRC,ESCAP_WB Upper Middle Income Economies,SDGRC_ESCAP_WB_UPPER_MID,98437,Kazakhstan,KAZ,398
SDGRC,ESCAP_WB Upper Middle Income Economies,SDGRC_ESCAP_WB_UPPER_MID,98437,Malaysia,MYS,458
SDGRC,ESCAP_WB Upper Middle Income Economies,SDGRC_ESCAP_WB_UPPER_MID,98437,Maldives,MDV,462
SDGRC,ESCAP_WB Upper Middle Income Economies,SDGRC_ESCAP_WB_UPPER_MID,98437,Marshall Islands,MHL,584
SDGRC,ESCAP_WB Upper Middle Income Economies,SDGRC_ESCAP_WB_UPPER_MID,98437,Mongolia,MNG,496
SDGRC,ESCAP_WB Upper Middle Income Economies,SDGRC_ESCAP_WB_UPPER_MID,98437,Samoa,WSM,882
SDGRC,ESCAP_WB Upper Middle Income Economies,SDGRC_ESCAP_WB_UPPER_MID,98437,Thailand,THA,764
SDGRC,ESCAP_WB Upper Middle Income Economies,SDGRC_ESCAP_WB_UPPER_MID,98437,Tonga,TON,776
SDGRC,ESCAP_WB Upper Middle Income Economies,SDGRC_ESCAP_WB_UPPER_MID,98437,Turkmenistan,TKM,795
SDGRC,ESCAP_WB Upper Middle Income Economies,SDGRC_ESCAP_WB_UPPER_MID,98437,Tuvalu,TUV,798
SDGRC,ESCAP_WB Upper Middle Income Economies,SDGRC_ESCAP_WB_UPPER_MID,98437,Türkiye,TUR,792
SDGRC,ESCWA_Arab High-Income Countries (HICs),SDGRC_ESCWA_ARAB_HIGH,98510,Bahrain,BHR,48
SDGRC,ESCWA_Arab High-Income Countries (HICs),SDGRC_ESCWA_ARAB_HIGH,98510,Kuwait,KWT,414
SDGRC,ESCWA_Arab High-Income Countries (HICs),SDGRC_ESCWA_ARAB_HIGH,98510,Oman,OMN,512
SDGRC,ESCWA_Arab High-Income Countries (HICs),SDGRC_ESCWA_ARAB_HIGH,98510,Qatar,QAT,634
SDGRC,ESCWA_Arab High-Income Countries (HICs),SDGRC_ESCWA_ARAB_HIGH,98510,Saudi Arabia,SAU,682
SDGRC,ESCWA_Arab High-Income Countries (HICs),SDGRC_ESCWA_ARAB_HIGH,98510,United Arab Emirates,ARE,784
SDGRC,ESCWA_Arab LDCs subregion,SDGRC_ESCWA_LDC,98505,Comoros,COM,174
SDGRC,ESCWA_Arab LDCs subregion,SDGRC_ESCWA_LDC,98505,Djibouti,DJI,262
SDGRC,ESCWA_Arab LDCs subregion,SDGRC_ESCWA_LDC,98505,Mauritania,MRT,478
SDGRC,ESCWA_Arab LDCs subregion,SDGRC_ESCWA_LDC,98505,Somalia,SOM,706
SDGRC,ESCWA_Arab LDCs subregion,SDGRC_ESCWA_LDC,98505,Sudan,SDN,729
SDGRC,ESCWA_Arab LDCs subregion,SDGRC_ESCWA_LDC,98505,Yemen,YEM,887
SDGRC,ESCWA_Arab Low-Income Countries (LICs),SDGRC_ESCWA_ARAB_LOW,98509,Somalia,SOM,706
SDGRC,ESCWA_Arab Low-Income Countries (LICs),SDGRC_ESCWA_ARAB_LOW,98509,Sudan,SDN,729
SDGRC,ESCWA_Arab Low-Income Countries (LICs),SDGRC_ESCWA_ARAB_LOW,98509,Syrian Arab Republic,SYR,760
SDGRC,ESCWA_Arab Low-Income Countries (LICs),SDGRC_ESCWA_ARAB_LOW,98509,Yemen,YEM,887
SDGRC,ESCWA_Arab Middle-Income Countries (MICs),SDGRC_ESCWA_ARAB_MID,98508,Algeria,DZA,12
SDGRC,ESCWA_Arab Middle-Income Countries (MICs),SDGRC_ESCWA_ARAB_MID,98508,Comoros,COM,174
SDGRC,ESCWA_Arab Middle-Income Countries (MICs),SDGRC_ESCWA_ARAB_MID,98508,Djibouti,DJI,262
SDGRC,ESCWA_Arab Middle-Income Countries (MICs),SDGRC_ESCWA_ARAB_MID,98508,Egypt,EGY,818
SDGRC,ESCWA_Arab Middle-Income Countries (MICs),SDGRC_ESCWA_ARAB_MID,98508,Iraq,IRQ,368
SDGRC,ESCWA_Arab Middle-Income Countries (MICs),SDGRC_ESCWA_ARAB_MID,98508,Jordan,JOR,400
SDGRC,ESCWA_Arab Middle-Income Countries (MICs),SDGRC_ESCWA_ARAB_MID,98508,Lebanon,LBN,422
SDGRC,ESCWA_Arab Middle-Income Countries (MICs),SDGRC_ESCWA_ARAB_MID,98508,Libya,LBY,434
SDGRC,ESCWA_Arab Middle-Income Countries (MICs),SDGRC_ESCWA_ARAB_MID,98508,Mauritania,MRT,478
SDGRC,ESCWA_Arab Middle-Income Countries (MICs),SDGRC_ESCWA_ARAB_MID,98508,Morocco,MAR,504
SDGRC,ESCWA_Arab Middle-Income Countries (MICs),SDGRC_ESCWA_ARAB_MID,98508,State of Palestine,PSE,275
SDGRC,ESCWA_Arab Middle-Income Countries (MICs),SDGRC_ESCWA_ARAB_MID,98508,Tunisia,TUN,788
SDGRC,ESCWA_Arab countries,SDGRC_ARAB,98501,Algeria,DZA,12
SDGRC,ESCWA_Arab countries,SDGRC_ARAB,98501,Bahrain,BHR,48
SDGRC,ESCWA_Arab countries,SDGRC_ARAB,98501,Comoros,COM,174
SDGRC,ESCWA_Arab countries,SDGRC_ARAB,98501,Djibouti,DJI,262
SDGRC,ESCWA_Arab countries,SDGRC_ARAB,98501,Egypt,EGY,818
SDGRC,ESCWA_Arab countries,SDGRC_ARAB,98501,Iraq,IRQ,368
SDGRC,ESCWA_Arab countries,SDGRC_ARAB,98501,Jordan,JOR,400
SDGRC,ESCWA_Arab countries,SDGRC_ARAB,98501,Kuwait,KWT,414
SDGRC,ESCWA_Arab countries,SDGRC_ARAB,98501,Lebanon,LBN,422
SDGRC,ESCWA_Arab countries,SDGRC_ARAB,98501,Libya,LBY,434
SDGRC,ESCWA_Arab countries,SDGRC_ARAB,98501,Mauritania,MRT,478
SDGRC,ESCWA_Arab countries,SDGRC_ARAB,98501,Morocco,MAR,504
SDGRC,ESCWA_Arab countries,SDGRC_ARAB,98501,Oman,OMN,512
SDGRC,ESCWA_Arab countries,SDGRC_ARAB,98501,Qatar,QAT,634
SDGRC,ESCWA_Arab countries,SDGRC_ARAB,98501,Saudi Arabia,SAU,682
SDGRC,ESCWA_Arab countries,SDGRC_ARAB,98501,Somalia,SOM,706
SDGRC,ESCWA_Arab countries,SDGRC_ARAB,98501,State of Palestine,PSE,275
SDGRC,ESCWA_Arab countries,SDGRC_ARAB,98501,Sudan,SDN,729
SDGRC,ESCWA_Arab countries,SDGRC_ARAB,98501,Syrian Arab Republic,SYR,760
SDGRC,ESCWA_Arab countries,SDGRC_ARAB,98501,Tunisia,TUN,788
SDGRC,ESCWA_Arab countries,SDGRC_ARAB,98501,United Arab Emirates,ARE,784
SDGRC,ESCWA_Arab countries,SDGRC_ARAB,98501,Yemen,YEM,887
SDGRC,ESCWA_Countries in conflict,SDGRC_ESCWA_CONFLICT,98506,Iraq,IRQ,368
SDGRC,ESCWA_Countries in conflict,SDGRC_ESCWA_CONFLICT,98506,Libya,LBY,434
SDGRC,ESCWA_Countries in conflict,SDGRC_ESCWA_CONFLICT,98506,Somalia,SOM,706
SDGRC,ESCWA_Countries in conflict,SDGRC_ESCWA_CONFLICT,98506,State of Palestine,PSE,275
SDGRC,ESCWA_Countries in conflict,SDGRC_ESCWA_CONFLICT,98506,Sudan,SDN,729
SDGRC,ESCWA_Countries in conflict,SDGRC_ESCWA_CONFLICT,98506,Syrian Arab Republic,SYR,760
SDGRC,ESCWA_Countries in conflict,SDGRC_ESCWA_CONFLICT,98506,Yemen,YEM,887
SDGRC,ESCWA_Gulf Cooperation Council (GCC),SDGRC_ESCWA_GCC,98502,Bahrain,BHR,48
SDGRC,ESCWA_Gulf Cooperation Council (GCC),SDGRC_ESCWA_GCC,98502,Kuwait,KWT,414
SDGRC,ESCWA_Gulf Cooperation Council (GCC),SDGRC_ESCWA_GCC,98502,Oman,OMN,512
SDGRC,ESCWA_Gulf Cooperation Council (GCC),SDGRC_ESCWA_GCC,98502,Qatar,QAT,634
SDGRC,ESCWA_Gulf Cooperation Council (GCC),SDGRC_ESCWA_GCC,98502,Saudi Arabia,SAU,682
SDGRC,ESCWA_Gulf Cooperation Council (GCC),SDGRC_ESCWA_GCC,98502,United Arab Emirates,ARE,784
SDGRC,ESCWA_Maghreb subregion,SDGRC_ESCWA_MAGHREB,98504,Algeria,DZA,12
SDGRC,ESCWA_Maghreb subregion,SDGRC_ESCWA_MAGHREB,98504,Libya,LBY,434
SDGRC,ESCWA_Maghreb subregion,SDGRC_ESCWA_MAGHREB,98504,Morocco,MAR,504
SDGRC,ESCWA_Maghreb subregion,SDGRC_ESCWA_MAGHREB,98504,Tunisia,TUN,788
SDGRC,ESCWA_Mashreq subregion,SDGRC_ESCWA_MASHREQ,98503,Egypt,EGY,818
SDGRC,ESCWA_Mashreq subregion,SDGRC_ESCWA_MASHREQ,98503,Iraq,IRQ,368
SDGRC,ESCWA_Mashreq subregion,SDGRC_ESCWA_MASHREQ,98503,Jordan,JOR,400
SDGRC,ESCWA_Mashreq subregion,SDGRC_ESCWA_MASHREQ,98503,Lebanon,LBN,422
SDGRC,ESCWA_Mashreq subregion,SDGRC_ESCWA_MASHREQ,98503,State of Palestine,PSE,275
SDGRC,ESCWA_Mashreq subregion,SDGRC_ESCWA_MASHREQ,98503,Syrian Arab Republic,SYR,760
SDGRC,ESCWA_Non-conflict middle income countries,SDGRC_ESCWA_NOCONFLICT_MID,98507,Algeria,DZA,12
SDGRC,ESCWA_Non-conflict middle income countries,SDGRC_ESCWA_NOCONFLICT_MID,98507,Egypt,EGY,818
SDGRC,ESCWA_Non-conflict middle income countries,SDGRC_ESCWA_NOCONFLICT_MID,98507,Jordan,JOR,400
SDGRC,ESCWA_Non-conflict middle income countries,SDGRC_ESCWA_NOCONFLICT_MID,98507,Lebanon,LBN,422
SDGRC,ESCWA_Non-conflict middle income countries,SDGRC_ESCWA_NOCONFLICT_MID,98507,Morocco,MAR,504
SDGRC,ESCWA_Non-conflict middle income countries,SDGRC_ESCWA_NOCONFLICT_MID,98507,Tunisia,TUN,788
